Rk,Team,Overall,Home,Road,E,W,Pre,Post,≤3,≥10,Dec,Jan,Feb,Mar,Season
1,Los Angeles Lakers,63-19,37-4,26-15,19-7,44-12,35-11,28-8,6-7,30-7,10-4,10-5,10-2,12-4,1990
2,Detroit Pistons,59-23,35-6,24-17,40-14,19-9,35-14,24-9,6-4,32-8,9-6,13-3,10-1,11-4,1990
3,Portland Trail Blazers,59-23,35-6,24-17,18-8,41-15,33-13,26-10,7-6,33-8,8-7,12-2,7-5,13-4,1990
4,San Antonio Spurs,56-26,34-7,22-19,16-10,40-16,32-14,24-12,10-3,23-9,11-2,10-6,8-5,11-5,1990
5,Chicago Bulls,55-27,36-5,19-22,37-17,18-10,28-19,27-8,8-7,26-12,11-3,9-6,7-5,12-3,1990
6,Utah Jazz,55-27,36-5,19-22,17-9,38-18,33-14,22-13,8-3,35-15,11-5,11-3,9-4,11-4,1990
7,Phoenix Suns,54-28,32-9,22-19,16-10,38-18,28-17,26-11,6-5,38-7,7-7,13-3,11-1,12-6,1990
8,Philadelphia 76ers,53-29,34-7,19-22,37-17,16-12,30-18,23-11,6-6,30-12,7-9,12-3,8-5,11-5,1990
9,Boston Celtics,52-30,30-11,22-19,36-18,16-12,28-18,24-12,7-4,30-11,9-4,9-5,7-6,9-6,1990
10,Dallas Mavericks,47-35,30-11,17-24,18-8,29-27,26-22,21-13,7-3,20-19,9-6,9-7,7-5,9-5,1990
11,New York Knicks,45-37,29-12,16-25,30-24,15-13,32-16,13-21,6-9,20-18,11-2,7-9,9-3,4-12,1990
12,Milwaukee Bucks,44-38,27-14,17-24,28-26,16-12,27-22,17-16,8-9,18-18,8-6,10-6,7-5,5-10,1990
13,Denver Nuggets,43-39,28-13,15-26,15-11,28-28,26-20,17-19,9-4,24-20,9-6,4-9,6-7,8-9,1990
14,Cleveland Cavaliers,42-40,27-14,15-26,30-24,12-16,21-25,21-15,9-3,22-20,5-9,8-7,6-6,8-8,1990
15,Indiana Pacers,42-40,28-13,14-27,30-24,12-16,25-23,17-17,8-5,17-16,11-5,4-12,7-6,6-7,1990
16,Houston Rockets,41-41,31-10,10-31,13-13,28-28,22-25,19-16,3-8,24-17,3-12,8-5,4-8,11-5,1990
17,Atlanta Hawks,41-41,25-16,16-25,27-27,14-14,22-24,19-17,5-3,19-17,9-5,5-9,6-9,7-8,1990
18,Seattle SuperSonics,41-41,30-11,11-30,15-11,26-30,22-23,19-18,5-6,24-24,5-6,6-9,9-5,7-8,1990
19,Golden State Warriors,37-45,27-14,10-31,13-13,24-32,23-24,14-21,7-5,17-30,7-7,10-5,5-8,7-8,1990
20,Washington Bullets,31-51,20-21,11-30,20-34,11-17,18-31,13-20,4-12,14-24,5-7,3-13,7-6,5-9,1990
21,Los Angeles Clippers,30-52,20-21,10-31,13-13,17-39,21-26,9-26,6-9,11-21,6-8,9-8,3-9,5-12,1990
22,Sacramento Kings,23-59,16-25,7-34,9-17,14-42,12-34,11-25,5-9,10-32,3-11,5-10,3-10,7-10,1990
23,Minnesota Timberwolves,22-60,17-24,5-36,10-16,12-44,10-36,12-24,5-11,10-32,3-11,3-10,6-7,5-12,1990
24,Charlotte Hornets,19-63,13-28,6-35,6-20,13-43,8-37,11-26,5-5,7-40,3-9,2-13,1-11,6-12,1990
25,Miami Heat,18-64,11-30,7-34,11-43,7-21,10-39,8-25,4-7,6-40,3-11,2-13,3-10,5-9,1990
26,Orlando Magic,18-64,12-29,6-35,12-42,6-22,14-33,4-31,4-7,4-38,2-13,4-10,3-10,1-13,1990
27,New Jersey Nets,17-65,13-28,4-37,13-41,4-24,12-35,5-30,3-7,5-34,5-9,4-11,1-11,3-13,1990
1,Portland Trail Blazers,63-19,36-5,27-14,21-5,42-14,39-9,24-10,6-3,39-9,15-3,10-4,7-5,9-5,1991
2,Chicago Bulls,61-21,35-6,26-15,42-12,19-9,32-14,29-7,5-6,43-8,11-3,9-4,11-1,13-4,1991
3,Los Angeles Lakers,58-24,33-8,25-16,18-8,40-16,35-11,23-13,4-3,38-9,10-4,15-2,9-4,10-6,1991
4,Boston Celtics,56-26,35-6,21-20,35-19,21-7,35-12,21-14,7-3,39-14,11-3,9-6,9-4,11-5,1991
5,Phoenix Suns,55-27,32-9,23-18,20-6,35-21,30-16,25-11,4-4,36-9,10-5,10-5,8-5,13-3,1991
6,San Antonio Spurs,55-27,33-8,22-19,19-7,36-20,32-13,23-14,7-6,26-8,11-2,12-5,4-7,12-5,1991
7,Utah Jazz,54-28,36-5,18-23,16-10,38-18,31-16,23-12,8-3,28-17,11-4,10-5,7-3,10-6,1991
8,Houston Rockets,52-30,31-10,21-20,19-7,33-23,27-21,25-9,10-8,24-13,8-6,7-8,9-3,14-1,1991
9,Detroit Pistons,50-32,32-9,18-23,33-21,17-11,34-15,16-17,6-7,20-12,6-9,13-2,5-8,8-6,1991
10,Milwaukee Bucks,48-34,33-8,15-26,33-21,15-13,30-19,18-15,6-6,24-12,10-4,6-10,8-4,8-7,1991
11,Golden State Warriors,44-38,30-11,14-27,16-10,28-28,26-20,18-18,9-7,25-14,5-7,10-4,4-9,8-9,1991
12,Philadelphia 76ers,44-38,29-12,15-26,32-22,12-16,25-21,19-17,11-9,14-14,9-4,4-9,8-5,9-8,1991
13,Atlanta Hawks,43-39,29-12,14-27,26-28,17-11,26-21,17-18,4-7,24-16,11-3,9-7,8-5,6-9,1991
14,Indiana Pacers,41-41,29-12,12-29,27-27,14-14,19-27,22-14,7-8,20-20,6-8,7-6,7-6,11-6,1991
15,Seattle SuperSonics,41-41,28-13,13-28,14-12,27-29,22-23,19-18,7-9,21-19,8-8,8-7,6-6,8-9,1991
16,New York Knicks,39-43,21-20,18-23,28-26,11-17,20-27,19-16,5-9,18-22,6-7,7-10,7-6,9-6,1991
17,Cleveland Cavaliers,33-49,23-18,10-31,23-31,10-18,15-32,18-17,7-5,15-19,2-11,3-11,6-7,5-10,1991
18,Los Angeles Clippers,31-51,23-18,8-33,5-21,26-30,15-32,16-19,6-10,15-27,5-10,4-11,4-7,9-8,1991
19,Orlando Magic,31-51,24-17,7-34,8-18,23-33,14-33,17-18,7-5,13-27,4-11,4-10,8-3,7-8,1991
20,Washington Bullets,30-52,21-20,9-32,22-32,8-20,21-27,9-25,9-8,10-28,7-7,9-7,2-10,4-11,1991
21,Minnesota Timberwolves,29-53,21-20,8-33,12-14,17-39,16-29,13-24,6-8,11-30,3-9,6-8,4-10,4-11,1991
22,Dallas Mavericks,28-54,20-21,8-33,11-15,17-39,17-27,11-27,9-6,11-30,4-10,5-10,6-7,4-12,1991
23,Charlotte Hornets,26-56,17-24,9-32,17-37,9-19,14-33,12-23,3-8,8-32,1-11,4-11,4-9,5-12,1991
24,New Jersey Nets,26-56,20-21,6-35,18-36,8-20,14-34,12-22,4-7,11-33,5-8,4-12,5-7,4-12,1991
25,Sacramento Kings,25-57,24-17,1-40,7-19,18-38,13-32,12-25,2-6,10-40,5-9,6-8,3-10,4-12,1991
26,Miami Heat,24-58,18-23,6-35,15-39,9-19,13-34,11-24,5-6,15-39,3-12,3-12,6-6,5-11,1991
27,Denver Nuggets,20-62,17-24,3-38,8-18,12-44,14-31,6-31,4-1,6-43,3-12,7-7,2-10,4-12,1991
1,Chicago Bulls,67-15,36-5,31-10,47-9,20-6,39-9,28-6,7-8,44-4,11-2,14-3,9-4,12-2,1992
2,Cleveland Cavaliers,57-25,35-6,22-19,42-14,15-11,31-14,26-11,11-9,25-7,10-4,10-4,8-5,12-4,1992
3,Portland Trail Blazers,57-25,33-8,24-17,20-8,37-17,32-14,25-11,3-5,31-9,10-4,11-3,9-4,12-5,1992
4,Golden State Warriors,55-27,31-10,24-17,19-9,36-18,29-15,26-12,7-6,25-11,10-3,8-5,11-4,11-6,1992
5,Utah Jazz,55-27,37-4,18-23,18-10,37-17,31-18,24-9,9-6,31-9,10-5,10-5,9-3,9-5,1992
6,Phoenix Suns,53-29,36-5,17-24,19-9,34-20,32-16,21-13,4-7,29-10,11-1,10-6,7-6,12-3,1992
7,Boston Celtics,51-31,34-7,17-24,35-21,16-10,28-18,23-13,7-2,30-15,9-4,8-7,4-9,11-4,1992
8,New York Knicks,51-31,30-11,21-20,34-22,17-9,30-16,21-15,6-8,25-13,9-3,10-7,7-7,11-4,1992
9,Detroit Pistons,48-34,25-16,23-18,31-25,17-9,28-20,20-14,5-5,25-13,8-6,10-5,8-5,9-6,1992
10,San Antonio Spurs,47-35,31-10,16-25,13-15,34-20,27-19,20-16,5-8,28-13,6-10,10-5,8-5,8-7,1992
11,Seattle SuperSonics,47-35,28-13,19-22,13-15,34-20,24-24,23-11,8-6,19-11,7-6,7-10,9-3,10-6,1992
12,Los Angeles Clippers,45-37,29-12,16-25,16-12,29-25,22-25,23-12,11-4,21-20,9-5,4-9,8-4,12-4,1992
13,Los Angeles Lakers,43-39,24-17,19-22,16-12,27-27,28-18,15-21,12-5,20-18,6-8,10-4,3-10,9-6,1992
14,Houston Rockets,42-40,28-13,14-27,16-12,26-28,25-22,17-18,10-5,12-23,7-9,8-6,6-8,7-9,1992
15,Indiana Pacers,40-42,26-15,14-27,27-29,13-13,19-29,21-13,4-10,22-14,6-7,5-10,9-5,9-5,1992
16,New Jersey Nets,40-42,25-16,15-26,29-27,11-15,19-28,21-14,7-4,13-19,8-6,8-7,7-6,6-8,1992
17,Miami Heat,38-44,28-13,10-31,27-29,11-15,23-25,15-19,6-6,16-26,6-9,7-8,6-7,7-8,1992
18,Atlanta Hawks,38-44,23-18,15-26,23-33,15-11,24-23,14-21,7-10,19-22,5-7,10-6,6-6,6-10,1992
19,Philadelphia 76ers,35-47,23-18,12-29,23-33,12-14,23-24,12-23,8-8,17-17,6-7,9-7,5-8,4-11,1992
20,Charlotte Hornets,31-51,22-19,9-32,21-35,10-16,14-33,17-18,6-9,13-27,4-10,4-9,9-4,8-6,1992
21,Milwaukee Bucks,31-51,25-16,6-35,22-34,9-17,22-24,9-27,6-6,18-21,7-5,6-9,5-8,5-11,1992
22,Sacramento Kings,29-53,21-20,8-33,12-16,17-37,16-31,13-22,8-9,8-30,3-9,6-10,6-7,4-12,1992
23,Washington Bullets,25-57,14-27,11-30,15-41,10-16,16-30,9-27,3-8,12-29,5-9,3-11,4-10,5-10,1992
24,Denver Nuggets,24-58,18-23,6-35,10-18,14-40,17-29,7-29,4-8,11-37,5-8,5-10,3-11,3-13,1992
25,Dallas Mavericks,22-60,15-26,7-34,7-21,15-39,13-34,9-26,8-8,6-38,5-9,1-13,4-9,1-15,1992
26,Orlando Magic,21-61,13-28,8-33,16-40,5-21,12-36,9-25,8-3,7-38,0-15,5-10,3-10,3-12,1992
27,Minnesota Timberwolves,15-67,9-32,6-35,4-24,11-43,8-38,7-29,4-11,4-37,1-13,3-13,4-9,1-15,1992
1,Phoenix Suns,62-20,35-6,27-14,22-6,40-14,38-10,24-10,11-6,34-5,14-0,10-4,9-4,13-3,1993
2,New York Knicks,60-22,37-4,23-18,42-14,18-8,34-16,26-6,6-7,33-11,10-4,7-6,11-3,12-2,1993
3,Chicago Bulls,57-25,31-10,26-15,39-17,18-8,35-17,22-8,6-7,31-5,12-4,7-8,10-2,10-4,1993
4,Houston Rockets,55-27,31-10,24-17,19-9,36-18,30-21,25-6,6-4,30-13,7-7,10-7,9-3,11-4,1993
5,Seattle SuperSonics,55-27,33-8,22-19,17-11,38-16,33-17,22-10,5-6,37-8,10-4,10-4,9-5,11-6,1993
6,Cleveland Cavaliers,54-28,35-6,19-22,37-19,17-9,34-19,20-9,4-7,34-5,11-5,8-6,12-1,6-6,1993
7,Portland Trail Blazers,51-31,30-11,21-20,15-13,36-18,31-16,20-15,6-4,27-19,8-6,11-4,4-7,9-8,1993
8,San Antonio Spurs,49-33,31-10,18-23,17-11,32-22,34-15,15-18,7-5,26-11,9-6,12-2,9-4,8-8,1993
9,Boston Celtics,48-34,28-13,20-21,33-23,15-11,26-24,22-10,6-2,21-18,7-9,10-4,7-4,13-3,1993
10,Utah Jazz,47-35,28-13,19-22,18-10,29-25,33-18,14-17,5-4,25-20,11-3,9-6,6-8,8-8,1993
11,Charlotte Hornets,44-38,22-19,22-19,29-27,15-11,26-23,18-15,10-5,14-19,7-7,6-7,8-5,7-10,1993
12,Atlanta Hawks,43-39,25-16,18-23,26-30,17-9,24-27,19-12,2-6,21-26,6-9,9-6,5-8,12-3,1993
13,New Jersey Nets,43-39,26-15,17-24,27-29,16-10,30-21,13-18,10-8,20-20,9-5,8-7,7-5,10-5,1993
14,Indiana Pacers,41-41,27-14,14-27,27-29,14-12,23-28,18-13,6-8,24-21,7-9,9-6,4-8,8-6,1993
15,Los Angeles Clippers,41-41,27-14,14-27,14-14,27-27,26-25,15-16,5-8,19-17,8-6,7-8,6-6,6-10,1993
16,Orlando Magic,41-41,27-14,14-27,27-29,14-12,24-23,17-18,7-9,27-21,5-8,5-8,8-6,7-9,1993
17,Detroit Pistons,40-42,28-13,12-29,31-25,9-17,21-29,19-13,9-8,13-18,11-3,5-11,4-7,9-7,1993
18,Los Angeles Lakers,39-43,20-21,19-22,13-15,26-28,26-23,13-20,13-6,13-27,8-7,7-9,6-4,6-11,1993
19,Denver Nuggets,36-46,28-13,8-33,11-17,25-29,20-30,16-16,5-6,23-23,2-12,8-7,7-6,7-9,1993
20,Miami Heat,36-46,26-15,10-31,22-34,14-12,18-31,18-15,6-8,18-22,4-10,5-9,8-5,10-5,1993
21,Golden State Warriors,34-48,19-22,15-26,9-19,25-29,23-30,11-18,6-10,19-25,10-5,5-9,4-10,4-9,1993
22,Milwaukee Bucks,28-54,18-23,10-31,20-36,8-18,20-31,8-23,6-7,13-30,2-12,6-9,4-10,5-9,1993
23,Philadelphia 76ers,26-56,15-26,11-30,18-38,8-18,18-31,8-25,5-4,11-29,5-9,9-7,2-9,2-15,1993
24,Sacramento Kings,25-57,16-25,9-32,7-21,18-36,17-34,8-23,4-8,12-26,5-8,6-9,2-12,3-11,1993
25,Washington Bullets,22-60,15-26,7-34,14-42,8-18,15-36,7-24,3-10,7-33,4-11,4-9,4-9,4-11,1993
26,Minnesota Timberwolves,19-63,11-30,8-33,5-23,14-40,12-35,7-28,7-7,8-32,1-12,3-11,5-8,5-13,1993
27,Dallas Mavericks,11-71,7-34,4-37,6-22,5-49,4-45,7-26,5-1,2-58,1-13,1-14,1-12,3-14,1993
1,Seattle SuperSonics,63-19,37-4,26-15,19-9,44-10,35-10,28-9,9-5,43-5,11-2,9-6,8-5,14-3,1994
2,Houston Rockets,58-24,35-6,23-18,20-8,38-16,34-12,24-12,8-2,28-16,10-4,7-6,7-5,12-4,1994
3,Atlanta Hawks,57-25,36-5,21-20,42-14,15-11,34-13,23-12,8-5,28-10,9-3,11-4,8-5,12-4,1994
4,New York Knicks,57-25,32-9,25-16,40-16,17-9,34-14,23-11,5-6,35-11,9-5,12-4,6-8,14-0,1994
5,Phoenix Suns,56-26,36-5,20-21,19-9,37-17,31-15,25-11,8-7,30-12,13-2,7-8,8-4,10-6,1994
6,Chicago Bulls,55-27,31-10,24-17,38-18,17-9,34-13,21-14,13-4,25-16,12-2,11-3,8-6,9-6,1994
7,San Antonio Spurs,55-27,32-9,23-18,23-5,32-22,35-14,20-13,3-6,33-12,9-6,11-3,11-2,11-4,1994
8,Utah Jazz,53-29,33-8,20-21,17-11,36-18,31-18,22-11,9-6,30-9,11-3,8-7,10-4,6-8,1994
9,Golden State Warriors,50-32,29-12,21-20,17-11,33-21,27-20,23-12,11-3,22-20,7-7,9-5,8-5,9-6,1994
10,Orlando Magic,50-32,31-10,19-22,35-21,15-11,27-20,23-12,6-6,29-10,10-7,10-5,7-3,8-8,1994
11,Cleveland Cavaliers,47-35,31-10,16-25,31-25,16-10,24-23,23-12,1-10,27-16,6-9,9-6,11-3,8-7,1994
12,Indiana Pacers,47-35,29-12,18-23,32-24,15-11,23-23,24-12,5-9,28-10,6-8,7-7,11-2,9-7,1994
13,Portland Trail Blazers,47-35,30-11,17-24,18-10,29-25,27-20,20-15,7-8,25-16,9-6,8-6,9-4,7-9,1994
14,New Jersey Nets,45-37,29-12,16-25,32-24,13-13,22-24,23-13,9-9,23-18,7-6,8-6,9-4,9-6,1994
15,Denver Nuggets,42-40,28-13,14-27,15-13,27-27,22-25,20-15,4-8,21-16,8-6,6-8,7-7,8-5,1994
16,Miami Heat,42-40,22-19,20-21,32-24,10-16,23-24,19-16,2-6,26-14,7-6,8-8,9-4,8-8,1994
17,Charlotte Hornets,41-41,28-13,13-28,29-27,12-14,22-25,19-16,8-3,20-21,8-7,6-8,1-10,8-7,1994
18,Los Angeles Lakers,33-49,21-20,12-29,15-13,18-36,18-29,15-20,10-7,7-28,4-10,5-7,6-7,10-6,1994
19,Boston Celtics,32-50,18-23,14-27,21-35,11-15,20-27,12-23,4-7,10-25,5-10,8-6,0-12,5-8,1994
20,Sacramento Kings,28-54,20-21,8-33,11-17,17-37,15-32,13-22,6-6,10-35,4-10,4-10,7-6,4-12,1994
21,Los Angeles Clippers,27-55,17-24,10-31,10-18,17-37,16-29,11-26,9-11,10-28,5-10,4-10,3-9,7-10,1994
22,Philadelphia 76ers,25-57,15-26,10-31,17-39,8-18,20-27,5-30,5-7,12-32,6-7,8-7,2-11,1-14,1994
23,Washington Bullets,24-58,17-24,7-34,17-39,7-19,15-32,9-26,4-5,9-39,2-14,6-7,2-12,3-11,1994
24,Detroit Pistons,20-62,10-31,10-31,12-44,8-18,11-37,9-25,4-6,5-33,3-11,1-14,4-8,7-8,1994
25,Milwaukee Bucks,20-62,11-30,9-32,14-42,6-20,14-34,6-28,8-7,5-28,6-8,4-10,4-9,3-12,1994
26,Minnesota Timberwolves,20-62,13-28,7-34,7-21,13-41,14-32,6-30,6-8,8-36,5-12,6-7,2-10,3-13,1994
27,Dallas Mavericks,13-69,6-35,7-34,3-25,10-44,6-42,7-27,3-8,5-38,1-12,1-16,5-8,0-13,1994
1,San Antonio Spurs,62-20,33-8,29-12,21-7,41-13,30-15,32-5,15-6,32-5,9-3,11-4,11-2,14-2,1995
2,Utah Jazz,60-22,33-8,27-14,24-4,36-18,35-13,25-9,6-4,39-6,10-4,14-1,7-6,12-4,1995
3,Phoenix Suns,59-23,32-9,27-14,20-8,39-15,38-10,21-13,8-2,28-13,11-3,13-2,8-5,9-6,1995
4,Orlando Magic,57-25,39-2,18-23,39-17,18-8,37-10,20-15,9-9,37-10,13-4,12-2,8-5,10-5,1995
5,Seattle SuperSonics,57-25,32-9,25-16,23-5,34-20,33-12,24-13,4-5,38-7,9-4,11-2,8-5,13-4,1995
6,New York Knicks,55-27,29-12,26-15,37-19,18-8,30-16,25-11,5-5,26-14,8-8,13-2,7-5,11-5,1995
7,Indiana Pacers,52-30,33-8,19-22,35-21,17-9,27-19,25-11,6-7,27-14,10-4,7-8,10-3,11-6,1995
8,Charlotte Hornets,50-32,29-12,21-20,36-20,14-12,31-17,19-15,5-8,25-16,9-6,11-4,8-5,7-7,1995
9,Los Angeles Lakers,48-34,29-12,19-22,18-10,30-24,29-16,19-18,12-3,21-18,9-3,9-5,8-5,10-7,1995
10,Chicago Bulls,47-35,28-13,19-22,35-21,12-14,23-25,24-10,5-10,30-11,8-7,7-8,5-8,11-4,1995
11,Houston Rockets,47-35,25-16,22-19,20-8,27-27,29-17,18-18,5-8,27-18,8-6,8-6,9-5,7-8,1995
12,Portland Trail Blazers,44-38,26-15,18-23,16-12,28-26,25-20,19-18,4-6,27-17,7-7,9-6,8-4,7-10,1995
13,Cleveland Cavaliers,43-39,26-15,17-24,33-23,10-16,28-19,15-20,10-8,17-15,12-3,6-8,7-6,6-9,1995
14,Atlanta Hawks,42-40,24-17,18-23,28-28,14-12,22-26,20-14,7-7,23-18,8-8,7-7,8-4,8-8,1995
15,Denver Nuggets,41-41,23-18,18-23,14-14,27-27,20-26,21-15,7-10,21-19,8-7,5-10,5-8,10-5,1995
16,Sacramento Kings,39-43,27-14,12-29,14-14,25-29,25-20,14-23,8-7,16-22,9-6,9-6,4-7,6-12,1995
17,Dallas Mavericks,36-46,19-22,17-24,13-15,23-31,18-28,18-18,10-9,13-26,6-8,3-13,5-7,10-6,1995
18,Boston Celtics,35-47,20-21,15-26,24-32,11-15,19-27,16-20,9-7,16-21,4-11,5-9,6-6,6-11,1995
19,Milwaukee Bucks,34-48,22-19,12-29,26-30,8-18,19-29,15-19,10-6,6-23,4-11,8-8,4-9,6-9,1995
20,Miami Heat,32-50,22-19,10-31,25-31,7-19,17-29,15-21,3-8,20-24,6-9,5-10,7-5,7-11,1995
21,New Jersey Nets,30-52,20-21,10-31,21-35,9-17,19-31,11-21,8-9,10-20,6-10,5-10,5-6,5-9,1995
22,Detroit Pistons,28-54,22-19,6-35,21-35,7-19,17-29,11-25,5-4,8-39,2-11,5-9,6-8,5-11,1995
23,Golden State Warriors,26-56,15-26,11-30,7-21,19-35,14-31,12-25,5-7,11-32,2-12,2-11,4-9,6-11,1995
24,Philadelphia 76ers,24-58,14-27,10-31,16-40,8-18,14-34,10-24,3-11,9-26,6-10,2-13,4-9,4-10,1995
25,Minnesota Timberwolves,21-61,13-28,8-33,9-19,12-42,11-36,10-25,7-6,5-40,5-7,4-12,4-9,5-11,1995
26,Washington Bullets,21-61,13-28,8-33,16-40,5-21,11-34,10-27,7-9,4-27,3-12,4-10,2-12,5-11,1995
27,Los Angeles Clippers,17-65,13-28,4-37,7-21,10-44,8-40,9-25,4-6,8-43,4-12,3-12,4-9,3-12,1995
1,Chicago Bulls,72-10,39-2,33-8,47-7,25-3,42-5,30-5,5-3,46-2,13-1,14-0,11-3,12-2,1996
2,Seattle SuperSonics,64-18,38-3,26-15,22-8,42-10,34-12,30-6,8-8,30-8,11-2,12-3,11-1,13-3,1996
3,Orlando Magic,60-22,37-4,23-18,40-14,20-8,34-14,26-8,12-5,35-14,10-4,8-6,11-3,12-3,1996
4,San Antonio Spurs,59-23,33-8,26-15,20-10,39-13,31-14,28-9,9-4,31-9,11-4,9-5,9-5,16-0,1996
5,Utah Jazz,55-27,34-7,21-20,22-8,33-19,32-16,23-11,5-6,37-8,8-5,9-5,9-3,12-4,1996
6,Los Angeles Lakers,53-29,30-11,23-18,19-11,34-18,28-19,25-10,9-9,31-13,9-8,9-3,10-2,10-5,1996
7,Indiana Pacers,52-30,32-9,20-21,36-18,16-12,31-16,21-14,10-8,22-7,9-6,14-2,8-6,7-8,1996
8,Houston Rockets,48-34,27-14,21-20,17-13,31-21,31-18,17-16,6-9,16-13,11-4,7-8,9-4,4-9,1996
9,Cleveland Cavaliers,47-35,26-15,21-20,29-25,18-10,26-20,21-15,10-6,27-18,9-4,8-8,10-2,8-9,1996
10,New York Knicks,47-35,26-15,21-20,32-22,15-13,30-16,17-19,4-0,20-15,9-5,8-6,5-8,9-6,1996
11,Atlanta Hawks,46-36,26-15,20-21,32-22,14-14,26-21,20-15,9-8,19-12,4-10,11-4,7-5,9-7,1996
12,Detroit Pistons,46-36,30-11,16-25,27-27,19-9,23-22,23-14,8-10,25-12,10-5,6-6,7-6,11-5,1996
13,Portland Trail Blazers,44-38,26-15,18-23,15-15,29-23,24-24,20-14,7-11,21-12,5-9,9-6,4-9,11-3,1996
14,Miami Heat,42-40,26-15,16-25,29-25,13-15,22-26,20-14,6-9,21-17,6-10,4-12,8-5,10-4,1996
15,Phoenix Suns,41-41,25-16,16-25,18-12,23-29,22-24,19-17,4-5,20-18,7-7,6-9,9-4,8-8,1996
16,Charlotte Hornets,41-41,25-16,16-25,26-28,15-13,22-24,19-17,6-9,18-17,7-8,7-5,7-6,8-8,1996
17,Sacramento Kings,39-43,26-15,13-28,16-14,23-29,24-20,15-23,7-5,10-27,6-5,6-7,2-13,7-9,1996
18,Washington Bullets,39-43,25-16,14-27,21-33,18-10,22-24,17-19,4-8,21-19,10-5,6-8,3-11,9-7,1996
19,Golden State Warriors,36-46,23-18,13-28,14-16,22-30,21-26,15-20,8-6,13-22,7-7,6-8,8-5,5-11,1996
20,Denver Nuggets,35-47,24-17,11-30,13-17,22-30,20-27,15-20,5-6,12-21,9-7,5-9,5-7,7-9,1996
21,Boston Celtics,33-49,18-23,15-26,23-31,10-18,17-30,16-19,8-7,13-26,7-9,4-11,4-9,8-8,1996
22,New Jersey Nets,30-52,20-21,10-31,21-33,9-19,18-29,12-23,5-6,10-28,5-9,7-9,7-6,4-11,1996
23,Los Angeles Clippers,29-53,19-22,10-31,8-22,21-31,16-32,13-21,4-3,11-23,4-11,5-8,3-10,8-8,1996
24,Dallas Mavericks,26-56,16-25,10-31,7-23,19-33,16-30,10-26,7-9,10-30,3-11,6-8,5-9,3-14,1996
25,Minnesota Timberwolves,26-56,17-24,9-32,9-21,17-35,13-32,13-24,5-9,11-26,4-11,4-10,5-9,8-8,1996
26,Milwaukee Bucks,25-57,14-27,11-30,16-38,9-19,18-27,7-30,3-5,9-25,6-8,5-9,5-9,1-15,1996
27,Toronto Raptors,21-61,15-26,6-35,14-40,7-21,13-34,8-27,6-9,8-31,4-11,3-10,2-10,4-12,1996
28,Philadelphia 76ers,18-64,11-30,7-34,12-42,6-22,9-36,9-28,7-6,4-44,3-12,3-12,3-10,3-14,1996
29,Vancouver Grizzlies,15-67,10-31,5-36,6-24,9-43,10-37,5-30,5-3,2-36,3-12,5-9,1-8,0-17,1996
1,Chicago Bulls,69-13,39-2,30-11,44-10,25-3,42-6,27-7,9-4,45-4,12-3,13-1,10-2,12-2,1997
2,Utah Jazz,64-18,38-3,26-15,23-7,41-11,33-14,31-4,3-5,36-5,11-5,9-6,9-3,14-1,1997
3,Miami Heat,61-21,29-12,32-9,40-14,21-7,36-12,25-9,15-4,31-6,11-3,9-5,10-3,11-3,1997
4,Houston Rockets,57-25,30-11,27-14,17-13,40-12,32-16,25-9,6-3,27-13,9-5,8-7,5-7,11-3,1997
5,New York Knicks,57-25,31-10,26-15,38-16,19-9,34-14,23-11,9-4,23-10,12-3,11-5,10-3,9-5,1997
6,Seattle SuperSonics,57-25,31-10,26-15,20-10,37-15,32-15,25-10,4-9,39-6,7-8,11-2,8-3,10-6,1997
7,Atlanta Hawks,56-26,36-5,20-21,34-20,22-6,31-15,25-11,5-3,35-14,7-4,14-2,8-5,12-4,1997
8,Los Angeles Lakers,56-26,31-10,25-16,19-11,37-15,35-13,21-13,7-4,29-15,11-3,11-3,6-6,9-5,1997
9,Charlotte Hornets,54-28,30-11,24-17,34-20,20-8,29-19,25-9,8-5,19-12,8-7,10-6,10-3,9-4,1997
10,Detroit Pistons,54-28,30-11,24-17,34-20,20-8,34-12,20-16,5-4,27-10,11-4,10-4,10-3,7-8,1997
11,Portland Trail Blazers,49-33,29-12,20-21,13-17,36-16,25-23,24-10,4-9,27-11,6-9,9-6,5-7,13-2,1997
12,Orlando Magic,45-37,26-15,19-22,29-25,16-12,24-20,21-17,6-1,18-21,2-12,11-4,9-5,10-6,1997
13,Washington Bullets,44-38,25-16,19-22,28-26,16-12,22-25,22-13,4-10,22-14,8-6,7-8,3-9,11-4,1997
14,Cleveland Cavaliers,42-40,25-16,17-24,26-28,16-12,25-22,17-18,6-4,20-15,10-5,5-9,7-5,6-10,1997
15,Minnesota Timberwolves,40-42,25-16,15-26,12-18,28-24,23-25,17-17,11-5,18-23,5-10,9-6,8-3,6-10,1997
16,Phoenix Suns,40-42,25-16,15-26,13-17,27-25,17-31,23-11,5-11,17-22,9-5,5-11,6-6,12-3,1997
17,Indiana Pacers,39-43,21-20,18-23,22-32,17-11,23-23,16-20,8-9,24-15,8-7,8-7,6-7,8-7,1997
18,Los Angeles Clippers,36-46,21-20,15-26,10-20,26-26,19-25,17-21,7-4,15-25,5-9,6-6,8-4,6-11,1997
19,Sacramento Kings,34-48,22-19,12-29,11-19,23-29,21-28,13-20,6-6,14-27,8-7,6-8,6-6,4-11,1997
20,Milwaukee Bucks,33-49,20-21,13-28,22-32,11-17,21-26,12-23,6-7,15-18,7-7,6-9,4-8,3-12,1997
21,Golden State Warriors,30-52,18-23,12-29,11-19,19-33,17-29,13-23,1-4,16-32,7-7,6-9,4-7,4-12,1997
22,Toronto Raptors,30-52,18-23,12-29,16-38,14-14,17-29,13-23,7-11,11-23,6-9,5-9,5-9,6-10,1997
23,New Jersey Nets,26-56,16-25,10-31,16-38,10-18,13-33,13-23,4-6,11-30,5-10,4-11,5-9,6-9,1997
24,Dallas Mavericks,24-58,14-27,10-31,8-22,16-36,16-28,8-30,7-9,6-33,6-7,4-11,5-7,3-14,1997
25,Philadelphia 76ers,22-60,11-30,11-30,14-40,8-20,12-34,10-26,4-6,9-36,1-12,2-14,5-7,5-9,1997
26,Denver Nuggets,21-61,12-29,9-32,8-22,13-39,16-32,5-29,8-12,8-27,3-11,6-9,3-10,3-10,1997
27,San Antonio Spurs,20-62,12-29,8-33,8-22,12-40,11-34,9-28,4-2,9-39,5-7,4-11,2-12,5-10,1997
28,Boston Celtics,15-67,11-30,4-37,8-46,7-21,11-35,4-32,3-12,6-35,2-11,4-11,1-13,2-14,1997
29,Vancouver Grizzlies,14-68,8-33,6-35,5-25,9-43,9-42,5-26,4-3,5-41,4-10,2-15,3-9,1-13,1997
1,Chicago Bulls,62-20,37-4,25-16,42-12,20-8,34-15,28-5,6-3,34-5,11-3,13-3,10-3,13-1,1998
2,Utah Jazz,62-20,36-5,26-15,24-6,38-14,31-15,31-5,9-4,30-7,10-5,10-3,9-2,15-2,1998
3,Los Angeles Lakers,61-21,33-8,28-13,19-11,42-10,34-11,27-10,5-3,38-10,10-5,9-4,7-5,13-4,1998
4,Seattle SuperSonics,61-21,35-6,26-15,22-8,39-13,37-10,24-11,8-3,33-10,11-3,11-4,8-3,11-5,1998
5,Indiana Pacers,58-24,32-9,26-15,41-13,17-11,33-13,25-11,9-7,24-4,11-4,12-2,8-5,11-5,1998
6,Phoenix Suns,56-26,30-11,26-15,19-11,37-15,31-15,25-11,6-5,30-13,9-6,11-5,9-4,10-7,1998
7,San Antonio Spurs,56-26,31-10,25-16,23-7,33-19,34-14,22-12,7-3,31-15,9-4,14-3,7-4,11-5,1998
8,Miami Heat,55-27,30-11,25-16,36-18,19-9,30-17,25-10,9-4,28-13,10-4,7-7,13-2,12-3,1998
9,Charlotte Hornets,51-31,32-9,19-22,31-23,20-8,29-18,22-13,9-3,25-20,9-6,9-7,7-5,12-3,1998
10,Atlanta Hawks,50-32,29-12,21-20,34-20,16-12,29-20,21-12,8-9,28-13,5-8,9-8,5-6,9-5,1998
11,Cleveland Cavaliers,47-35,27-14,20-21,28-26,19-9,27-20,20-15,9-10,24-11,8-5,9-7,4-9,11-4,1998
12,Portland Trail Blazers,46-36,26-15,20-21,13-17,33-19,26-20,20-16,7-5,20-12,8-5,6-9,9-4,7-8,1998
13,Minnesota Timberwolves,45-37,26-15,19-22,15-15,30-22,26-20,19-17,9-5,19-19,8-6,10-4,5-8,8-8,1998
14,New Jersey Nets,43-39,26-15,17-24,27-27,16-12,27-21,16-18,4-9,22-15,6-8,10-6,7-6,4-10,1998
15,New York Knicks,43-39,28-13,15-26,27-27,16-12,25-21,18-18,7-9,24-12,7-7,7-7,8-4,8-10,1998
16,Washington Wizards,42-40,24-17,18-23,24-30,18-10,25-24,17-16,10-8,21-20,11-5,7-7,6-6,7-7,1998
17,Houston Rockets,41-41,24-17,17-24,12-18,29-23,22-24,19-17,4-4,23-25,7-6,6-11,7-6,9-7,1998
18,Orlando Magic,41-41,24-17,17-24,24-30,17-11,23-25,18-16,7-7,18-23,7-7,4-12,8-4,8-7,1998
19,Detroit Pistons,37-45,25-16,12-29,25-29,12-16,22-25,15-20,4-10,17-11,8-6,7-7,5-6,8-9,1998
20,Boston Celtics,36-46,24-17,12-29,23-31,13-15,22-25,14-21,5-3,13-23,7-5,6-10,7-6,4-11,1998
21,Milwaukee Bucks,36-46,21-20,15-26,20-34,16-12,24-23,12-23,3-7,10-22,5-9,8-7,6-6,3-13,1998
22,Philadelphia 76ers,31-51,19-22,12-29,16-38,15-13,14-31,17-20,6-4,16-22,3-12,7-8,5-8,7-9,1998
23,Sacramento Kings,27-55,21-20,6-35,9-21,18-34,20-28,7-27,8-10,13-35,6-9,8-6,5-9,2-12,1998
24,Dallas Mavericks,20-62,13-28,7-34,7-23,13-39,9-38,11-24,4-9,8-27,1-14,3-11,3-10,8-8,1998
25,Golden State Warriors,19-63,12-29,7-34,4-26,15-37,8-37,11-26,1-2,9-39,6-8,1-14,4-9,3-14,1998
26,Vancouver Grizzlies,19-63,14-27,5-36,5-25,14-38,13-36,6-27,5-6,6-31,3-9,3-13,1-9,2-14,1998
27,Los Angeles Clippers,17-65,11-30,6-35,3-27,14-38,11-37,6-28,3-7,5-35,4-10,4-12,2-9,4-11,1998
28,Toronto Raptors,16-66,9-32,7-34,7-47,9-19,11-36,5-30,5-9,1-33,3-11,6-8,3-9,2-13,1998
29,Denver Nuggets,11-71,9-32,2-39,2-28,9-43,4-42,7-29,1-10,6-51,1-14,2-14,1-12,4-11,1998
1,Los Angeles Lakers,67-15,36-5,31-10,27-3,40-12,37-11,30-4,8-1,34-7,14-1,9-5,12-1,15-1,2000
2,Portland Trail Blazers,59-23,30-11,29-12,21-9,38-14,38-11,21-12,4-7,32-7,9-4,11-3,12-2,7-7,2000
3,Indiana Pacers,56-26,36-5,20-21,36-18,20-8,32-16,24-10,8-5,28-13,12-2,8-6,11-2,9-7,2000
4,Utah Jazz,55-27,31-10,24-17,22-8,33-19,29-18,26-9,7-8,31-9,10-4,9-5,8-5,14-2,2000
5,Phoenix Suns,53-29,32-9,21-20,23-7,30-22,29-19,24-10,7-9,27-10,8-7,7-7,10-3,12-4,2000
6,San Antonio Spurs,53-29,31-10,22-19,20-10,33-19,32-17,21-12,8-7,31-11,8-7,7-6,9-4,10-5,2000
7,Miami Heat,52-30,33-8,19-22,34-20,18-10,30-17,22-13,9-2,26-15,8-6,8-7,9-5,9-5,2000
8,Minnesota Timberwolves,50-32,26-15,24-17,18-12,32-20,27-20,23-12,11-4,23-15,6-9,12-3,7-7,12-4,2000
9,New York Knicks,50-32,33-8,17-24,32-22,18-10,29-18,21-14,9-5,20-13,10-4,8-4,8-5,11-6,2000
10,Charlotte Hornets,49-33,30-11,19-22,36-18,13-15,27-20,22-13,7-5,24-16,10-5,6-7,7-7,9-6,2000
11,Philadelphia 76ers,49-33,29-12,20-21,36-18,13-15,27-22,22-11,17-8,18-14,9-7,7-5,7-5,11-5,2000
12,Seattle SuperSonics,45-37,24-17,21-20,14-16,31-21,31-20,14-17,8-7,22-17,7-8,10-5,7-6,6-8,2000
13,Toronto Raptors,45-37,26-15,19-22,29-25,16-12,26-21,19-16,13-4,20-20,8-6,7-7,6-6,10-7,2000
14,Sacramento Kings,44-38,30-11,14-27,19-11,25-27,30-18,14-20,3-6,28-16,7-8,10-6,5-8,9-6,2000
15,Detroit Pistons,42-40,27-14,15-26,30-24,12-16,25-23,17-17,6-6,21-16,8-6,7-8,6-6,8-7,2000
16,Milwaukee Bucks,42-40,23-18,19-22,28-26,14-14,26-24,16-16,11-7,18-17,9-7,8-7,3-9,6-8,2000
17,Orlando Magic,41-41,26-15,15-26,27-27,14-14,24-26,17-15,6-7,20-16,8-6,5-12,6-5,11-5,2000
18,Dallas Mavericks,40-42,22-19,18-23,12-18,28-24,20-28,20-14,6-7,18-19,4-10,8-5,7-6,7-9,2000
19,Boston Celtics,35-47,26-15,9-32,24-30,11-17,21-28,14-19,4-13,18-19,5-9,8-7,3-10,7-9,2000
20,Denver Nuggets,35-47,25-16,10-31,13-17,22-30,21-27,14-20,10-8,12-27,9-6,5-9,5-8,4-13,2000
21,Houston Rockets,34-48,22-19,12-29,11-19,23-29,20-30,14-18,6-7,16-22,6-9,7-7,5-8,5-10,2000
22,Cleveland Cavaliers,32-50,22-19,10-31,20-34,12-16,19-30,13-20,7-11,12-21,5-11,6-9,4-8,6-9,2000
23,New Jersey Nets,31-51,22-19,9-32,21-33,10-18,19-30,12-21,6-14,15-15,10-5,5-9,5-7,9-7,2000
24,Washington Wizards,29-53,17-24,12-29,19-35,10-18,15-34,14-19,2-10,15-22,5-10,4-10,2-10,10-7,2000
25,Atlanta Hawks,28-54,21-20,7-34,20-34,8-20,19-28,9-26,4-7,11-32,5-9,5-8,6-6,4-13,2000
26,Vancouver Grizzlies,22-60,12-29,10-31,10-20,12-40,14-34,8-26,5-10,10-33,3-12,6-8,6-7,1-14,2000
27,Golden State Warriors,19-63,12-29,7-34,10-20,9-43,12-35,7-28,2-4,10-39,4-12,3-9,7-8,1-16,2000
28,Chicago Bulls,17-65,12-29,5-36,13-41,4-24,10-37,7-28,6-9,3-38,1-13,6-8,4-10,2-14,2000
29,Los Angeles Clippers,15-67,10-31,5-36,7-23,8-44,11-38,4-29,3-5,3-47,5-10,2-12,1-14,2-13,2000
1,San Antonio Spurs,58-24,33-8,25-16,19-11,39-13,31-16,27-8,3-7,40-6,9-7,9-4,9-4,14-3,2001
2,Los Angeles Lakers,56-26,31-10,25-16,22-8,34-18,31-16,25-10,10-5,24-13,11-5,6-6,9-3,11-6,2001
3,Philadelphia 76ers,56-26,29-12,27-14,40-14,16-12,36-14,20-12,6-4,26-12,9-6,13-3,9-5,7-6,2001
4,Sacramento Kings,55-27,33-8,22-19,20-10,35-17,31-15,24-12,6-9,28-8,10-4,10-4,8-6,11-4,2001
5,Dallas Mavericks,53-29,28-13,25-16,23-7,30-22,31-19,22-10,4-5,28-14,10-6,8-6,8-4,10-4,2001
6,Utah Jazz,53-29,28-13,25-16,22-8,31-21,32-15,21-14,5-4,31-9,8-8,9-4,10-2,9-7,2001
7,Milwaukee Bucks,52-30,31-10,21-20,38-16,14-14,29-18,23-12,3-7,20-12,10-4,11-4,8-4,11-5,2001
8,Phoenix Suns,51-31,31-10,20-21,21-9,30-22,28-20,23-11,7-4,18-13,8-6,8-8,8-4,10-5,2001
9,Miami Heat,50-32,29-12,21-20,34-20,16-12,30-20,20-12,9-9,18-12,12-5,10-4,6-6,9-5,2001
10,Portland Trail Blazers,50-32,28-13,22-19,24-6,26-26,35-15,15-17,4-4,29-13,10-4,12-4,7-4,7-7,2001
11,New York Knicks,48-34,30-11,18-23,32-22,16-12,29-18,19-16,12-5,24-14,10-5,7-4,7-7,9-7,2001
12,Minnesota Timberwolves,47-35,30-11,17-24,20-10,27-25,32-18,15-17,7-4,22-14,9-7,12-4,5-6,8-6,2001
13,Toronto Raptors,47-35,27-14,20-21,36-18,11-17,26-23,21-12,6-7,26-15,7-8,9-7,7-5,9-5,2001
14,Charlotte Hornets,46-36,28-13,18-23,37-17,9-19,26-25,20-11,7-8,23-11,10-5,5-10,7-5,8-6,2001
15,Houston Rockets,45-37,24-17,21-20,25-5,20-32,25-25,20-12,4-10,25-14,5-8,8-8,9-4,9-6,2001
16,Seattle SuperSonics,44-38,26-15,18-23,17-13,27-25,28-24,16-14,10-4,20-18,9-5,9-8,3-7,12-5,2001
17,Orlando Magic,43-39,26-15,17-24,30-24,13-15,25-23,18-16,7-7,21-17,9-5,7-7,9-3,9-7,2001
18,Indiana Pacers,41-41,26-15,15-26,29-25,12-16,21-27,20-14,6-6,18-21,7-10,7-7,6-4,7-10,2001
19,Denver Nuggets,40-42,29-12,11-30,13-17,27-25,27-24,13-18,12-6,14-25,8-7,10-5,4-9,5-10,2001
20,Boston Celtics,36-46,20-21,16-25,24-30,12-16,22-27,14-19,10-7,11-20,5-10,7-8,6-6,8-7,2001
21,Detroit Pistons,32-50,18-23,14-27,25-29,7-21,19-31,13-19,2-3,16-17,7-9,4-11,4-7,5-10,2001
22,Los Angeles Clippers,31-51,22-19,9-32,13-17,18-34,16-34,15-17,5-8,13-25,5-10,3-12,7-7,7-7,2001
23,Cleveland Cavaliers,30-52,20-21,10-31,22-32,8-20,20-27,10-25,6-5,10-27,7-7,4-11,2-10,4-14,2001
24,New Jersey Nets,26-56,18-23,8-33,16-38,10-18,17-34,9-22,7-9,11-32,3-12,5-12,6-6,5-11,2001
25,Atlanta Hawks,25-57,18-23,7-34,16-38,9-19,16-33,9-24,5-4,10-25,7-7,6-8,2-12,5-11,2001
26,Vancouver Grizzlies,23-59,15-26,8-33,12-18,11-41,13-36,10-23,3-11,13-37,2-13,4-11,6-8,3-11,2001
27,Washington Wizards,19-63,12-29,7-34,13-41,6-22,12-37,7-26,3-7,4-31,2-13,6-10,1-10,5-10,2001
28,Golden State Warriors,17-65,11-30,6-35,8-22,9-43,15-33,2-32,6-5,6-40,5-9,4-11,2-11,1-13,2001
29,Chicago Bulls,15-67,10-31,5-36,13-41,2-26,6-42,9-25,3-4,3-37,3-12,1-13,3-9,3-13,2001
1,Sacramento Kings,61-21,36-5,25-16,24-6,37-15,37-12,24-9,6-1,39-15,10-5,11-1,7-5,12-4,2002
2,Los Angeles Lakers,58-24,34-7,24-17,21-9,37-15,33-13,25-11,7-5,33-10,7-5,10-6,8-5,13-4,2002
3,San Antonio Spurs,58-24,32-9,26-15,20-10,38-14,31-17,27-7,7-7,34-7,11-3,8-8,7-6,13-3,2002
4,Dallas Mavericks,57-25,30-11,27-14,23-7,34-18,35-14,22-11,6-6,31-11,11-3,12-4,7-4,11-5,2002
5,New Jersey Nets,52-30,33-8,19-22,35-19,17-11,32-15,20-15,9-6,26-14,9-5,11-4,8-4,9-9,2002
6,Detroit Pistons,50-32,26-15,24-17,38-16,12-16,26-21,24-11,9-8,19-14,5-8,8-7,9-3,12-6,2002
7,Minnesota Timberwolves,50-32,29-12,21-20,21-9,29-23,33-16,17-16,9-5,27-12,10-5,11-5,8-4,6-10,2002
8,Boston Celtics,49-33,27-14,22-19,35-19,14-14,28-21,21-12,8-9,19-13,11-5,8-8,5-7,11-6,2002
9,Portland Trail Blazers,49-33,30-11,19-22,22-8,27-25,25-23,24-10,5-9,20-17,4-9,11-4,9-4,11-5,2002
10,Seattle SuperSonics,45-37,26-15,19-22,19-11,26-26,25-23,20-14,6-8,30-15,8-5,7-7,9-4,11-5,2002
11,Charlotte Hornets,44-38,21-20,23-18,31-23,13-15,23-25,21-13,6-6,17-16,6-9,8-6,7-6,10-5,2002
12,Orlando Magic,44-38,27-14,17-24,29-25,15-13,25-24,19-14,4-3,23-19,8-8,8-6,8-3,9-7,2002
13,Utah Jazz,44-38,25-16,19-22,19-11,25-27,25-24,19-14,6-7,21-14,10-5,8-7,8-3,9-7,2002
14,Philadelphia 76ers,43-39,22-19,21-20,31-23,12-16,25-24,18-15,3-5,19-13,5-11,11-4,5-6,10-7,2002
15,Indiana Pacers,42-40,25-16,17-24,27-27,15-13,25-25,17-15,5-5,21-19,9-6,6-8,4-6,8-7,2002
16,Toronto Raptors,42-40,24-17,18-23,29-25,13-15,29-21,13-19,13-7,16-16,6-8,11-5,2-11,6-8,2002
17,Milwaukee Bucks,41-41,25-16,16-25,29-25,12-16,28-18,13-23,4-8,17-19,9-6,9-7,6-6,5-11,2002
18,Los Angeles Clippers,39-43,25-16,14-27,16-14,23-29,25-26,14-17,4-8,19-22,8-5,9-9,5-7,8-7,2002
19,Washington Wizards,37-45,22-19,15-26,25-29,12-16,26-21,11-24,7-6,14-17,11-4,6-7,5-8,7-10,2002
20,Miami Heat,36-46,18-23,18-23,22-32,14-14,18-29,18-17,10-5,14-14,4-10,10-5,8-4,8-8,2002
21,Phoenix Suns,36-46,23-18,13-28,12-18,24-28,24-24,12-22,9-7,17-19,8-6,4-10,6-7,6-9,2002
22,Atlanta Hawks,33-49,23-18,10-31,21-33,12-16,16-33,17-16,9-8,8-26,5-8,3-12,6-6,9-7,2002
23,New York Knicks,30-52,19-22,11-30,20-34,10-18,19-28,11-24,7-10,7-24,5-9,5-8,2-10,7-10,2002
24,Cleveland Cavaliers,29-53,20-21,9-32,20-34,9-19,15-33,14-20,2-8,15-25,7-7,2-13,7-5,4-12,2002
25,Houston Rockets,28-54,18-23,10-31,10-20,18-34,16-33,12-21,10-15,5-20,2-13,6-9,5-5,6-10,2002
26,Denver Nuggets,27-55,20-21,7-34,8-22,19-33,14-31,13-24,11-8,9-30,3-10,3-11,3-8,6-12,2002
27,Memphis Grizzlies,23-59,15-26,8-33,9-21,14-38,14-35,9-24,7-6,6-35,6-9,4-11,2-10,4-11,2002
28,Chicago Bulls,21-61,14-27,7-34,13-41,8-20,11-36,10-25,8-4,3-37,4-11,3-12,6-7,2-14,2002
29,Golden State Warriors,21-61,14-27,7-34,8-22,13-39,14-32,7-29,1-8,11-27,5-9,2-11,2-10,2-16,2002
1,Dallas Mavericks,60-22,33-8,27-14,26-4,34-18,38-10,22-12,6-7,36-6,10-4,11-4,8-5,11-4,2003
2,San Antonio Spurs,60-22,33-8,27-14,24-6,36-16,33-16,27-6,12-5,26-6,8-6,11-3,9-1,14-3,2003
3,Sacramento Kings,59-23,35-6,24-17,23-7,36-16,34-17,25-6,11-2,31-11,10-4,10-6,8-3,11-4,2003
4,Minnesota Timberwolves,51-31,33-8,18-23,18-12,33-19,29-20,22-11,5-3,21-15,8-6,10-6,12-1,7-8,2003
5,Detroit Pistons,50-32,30-11,20-21,35-19,15-13,32-15,18-17,10-9,27-11,8-5,10-5,7-6,9-5,2003
6,Los Angeles Lakers,50-32,31-10,19-22,17-13,33-19,24-23,26-9,8-5,26-14,7-8,8-4,11-3,11-5,2003
7,Portland Trail Blazers,50-32,27-14,23-18,21-9,29-23,32-16,18-16,8-7,25-12,11-4,11-4,9-4,7-7,2003
8,New Jersey Nets,49-33,33-8,16-25,34-20,15-13,34-15,15-18,2-7,31-8,12-3,9-5,6-7,8-7,2003
9,Indiana Pacers,48-34,32-9,16-25,35-19,13-15,34-15,14-19,9-7,23-14,10-6,10-6,5-7,5-9,2003
10,Philadelphia 76ers,48-34,25-16,23-18,35-19,13-15,25-24,23-10,8-6,20-12,5-8,6-10,8-2,11-5,2003
11,New Orleans Hornets,47-35,29-12,18-23,32-22,15-13,26-24,21-11,7-7,19-11,7-10,6-8,9-4,8-6,2003
12,Utah Jazz,47-35,29-12,18-23,17-13,30-22,29-20,18-15,6-8,28-17,8-5,11-5,5-7,10-5,2003
13,Boston Celtics,44-38,25-16,19-22,31-23,13-15,27-22,17-16,6-7,18-19,9-7,7-8,7-5,7-9,2003
14,Phoenix Suns,44-38,30-11,14-27,18-12,26-26,29-21,15-17,7-8,16-16,11-5,8-9,4-6,7-8,2003
15,Houston Rockets,43-39,28-13,15-26,17-13,26-26,26-22,17-17,3-10,24-17,8-7,8-7,5-8,8-8,2003
16,Milwaukee Bucks,42-40,25-16,17-24,32-22,10-18,25-23,17-17,6-9,13-15,5-10,10-4,5-8,8-9,2003
17,Orlando Magic,42-40,26-15,16-25,31-23,11-17,24-26,18-14,8-9,19-16,8-8,6-9,5-6,10-5,2003
18,Seattle SuperSonics,40-42,25-16,15-26,14-16,26-26,21-27,19-15,7-10,15-17,7-7,4-9,6-7,9-6,2003
19,Golden State Warriors,38-44,24-17,14-27,19-11,19-33,21-27,17-17,3-6,13-19,6-7,8-7,8-5,8-8,2003
20,New York Knicks,37-45,24-17,13-28,23-31,14-14,21-27,16-18,9-11,8-14,6-7,10-8,5-8,7-9,2003
21,Washington Wizards,37-45,23-18,14-27,26-28,11-17,24-25,13-20,10-6,11-18,8-7,8-8,6-4,6-10,2003
22,Atlanta Hawks,35-47,26-15,9-32,24-30,11-17,19-30,16-17,10-8,11-28,4-9,6-11,4-8,7-8,2003
23,Chicago Bulls,30-52,27-14,3-38,22-32,8-20,17-32,13-20,6-5,12-34,7-8,6-9,4-10,5-9,2003
24,Memphis Grizzlies,28-54,20-21,8-33,16-14,12-40,13-35,15-19,5-7,14-23,7-8,4-10,5-7,8-9,2003
25,Los Angeles Clippers,27-55,16-25,11-30,11-19,16-36,17-32,10-23,9-7,9-24,6-8,5-10,2-9,4-12,2003
26,Miami Heat,25-57,16-25,9-32,18-36,7-21,17-32,8-25,4-6,12-27,7-7,5-11,3-9,4-13,2003
27,Toronto Raptors,24-58,15-26,9-32,18-36,6-22,14-34,10-24,7-7,6-30,3-13,4-11,5-4,6-11,2003
28,Cleveland Cavaliers,17-65,14-27,3-38,9-45,8-20,10-40,7-25,6-5,6-38,4-11,3-11,2-9,3-12,2003
29,Denver Nuggets,17-65,13-28,4-37,9-21,8-44,12-37,5-28,4-8,9-37,1-13,4-11,2-12,5-10,2003
1,Indiana Pacers,61-21,34-7,27-14,41-13,20-8,39-14,22-7,7-6,30-8,9-7,12-3,8-3,12-4,2004
2,Minnesota Timberwolves,58-24,31-10,27-14,24-6,34-18,37-15,21-9,6-6,34-6,11-2,12-3,11-4,9-7,2004
3,San Antonio Spurs,57-25,33-8,24-17,22-8,35-17,35-18,22-7,6-8,38-5,13-2,9-8,8-2,11-5,2004
4,Los Angeles Lakers,56-26,34-7,22-19,25-5,31-21,31-19,25-7,14-5,24-16,7-4,6-9,11-4,13-3,2004
5,Sacramento Kings,55-27,34-7,21-20,24-6,31-21,37-13,18-14,5-4,29-9,9-4,12-4,10-3,9-7,2004
6,Detroit Pistons,54-28,31-10,23-18,37-17,17-11,33-21,21-7,6-12,30-4,7-7,13-3,6-8,10-3,2004
7,Dallas Mavericks,52-30,36-5,16-25,19-11,33-19,33-19,19-11,8-7,30-14,7-6,11-6,9-2,8-8,2004
8,Memphis Grizzlies,50-32,31-10,19-22,22-8,28-24,30-22,20-10,10-6,18-7,8-9,10-4,10-3,13-2,2004
9,New Jersey Nets,47-35,28-13,19-22,34-20,13-15,31-20,16-15,3-7,33-17,10-5,8-6,11-2,7-9,2004
10,Houston Rockets,45-37,27-14,18-23,24-6,21-31,30-22,15-15,8-6,21-13,8-7,9-6,8-5,8-6,2004
11,Denver Nuggets,43-39,29-12,14-27,14-16,29-23,31-23,12-16,3-9,23-19,9-7,9-8,5-7,6-9,2004
12,Miami Heat,42-40,29-12,13-28,30-24,12-16,22-32,20-8,6-7,20-21,8-7,8-8,4-8,12-3,2004
13,Utah Jazz,42-40,28-13,14-27,17-13,25-27,26-27,16-13,6-1,15-22,8-8,7-9,6-7,9-6,2004
14,Milwaukee Bucks,41-41,27-14,14-27,33-21,8-20,27-24,14-17,5-6,16-9,7-8,11-5,6-6,5-11,2004
15,New Orleans Hornets,41-41,25-16,16-25,30-24,11-17,28-24,13-17,9-5,18-17,9-6,6-9,6-6,5-11,2004
16,Portland Trail Blazers,41-41,25-16,16-25,19-11,22-30,24-27,17-14,8-5,11-21,7-8,6-9,8-6,9-6,2004
17,New York Knicks,39-43,23-18,16-25,31-23,8-20,25-29,14-14,6-6,16-22,7-9,8-8,4-8,9-5,2004
18,Golden State Warriors,37-45,27-14,10-31,14-16,23-29,23-28,14-17,7-7,16-21,6-9,6-9,5-8,8-8,2004
19,Seattle SuperSonics,37-45,21-20,16-25,15-15,22-30,25-27,12-18,6-7,17-23,7-8,7-9,5-9,7-9,2004
20,Boston Celtics,36-46,19-22,17-24,24-30,12-16,23-31,13-15,10-9,11-18,9-8,6-10,3-9,9-5,2004
21,Cleveland Cavaliers,35-47,23-18,12-29,29-25,6-22,20-33,15-14,8-4,11-25,6-9,7-7,7-6,8-7,2004
22,Philadelphia 76ers,33-49,21-20,12-29,23-31,10-18,22-31,11-18,6-6,13-23,5-9,6-9,4-9,8-7,2004
23,Toronto Raptors,33-49,18-23,15-26,22-32,11-17,25-26,8-23,10-10,9-22,8-6,5-9,4-11,5-10,2004
24,Phoenix Suns,29-53,18-23,11-30,13-17,16-36,18-37,11-16,5-5,9-26,5-12,5-12,3-9,6-8,2004
25,Atlanta Hawks,28-54,18-23,10-31,19-35,9-19,18-35,10-19,2-9,12-26,3-12,6-9,4-7,5-11,2004
26,Los Angeles Clippers,28-54,18-23,10-31,14-16,14-38,22-29,6-25,9-5,12-25,9-7,7-10,5-8,2-16,2004
27,Washington Wizards,25-57,17-24,8-33,16-38,9-19,16-34,9-23,3-4,13-34,2-11,6-10,4-8,5-13,2004
28,Chicago Bulls,23-59,14-27,9-32,19-35,4-24,15-38,8-21,2-5,8-32,5-10,4-13,4-7,4-12,2004
29,Orlando Magic,21-61,11-30,10-31,17-37,4-24,13-41,8-20,3-10,5-37,7-9,5-12,4-8,2-13,2004
1,Phoenix Suns,62-20,31-10,31-10,24-6,38-14,41-13,21-7,7-2,36-8,13-2,11-6,7-4,11-3,2005
2,Miami Heat,59-23,35-6,24-17,41-11,18-12,40-14,19-9,7-8,33-6,14-1,9-6,9-3,12-3,2005
3,San Antonio Spurs,59-23,38-3,21-20,23-7,36-16,41-12,18-11,9-7,40-5,13-3,12-4,6-3,10-5,2005
4,Dallas Mavericks,58-24,29-12,29-12,23-7,35-17,35-16,23-8,8-4,28-10,9-4,9-4,10-3,10-6,2005
5,Detroit Pistons,54-28,32-9,22-19,35-17,19-11,32-19,22-9,8-8,26-14,8-6,11-5,9-1,9-8,2005
6,Seattle SuperSonics,52-30,26-15,26-15,21-9,31-21,35-15,17-15,7-5,25-15,9-3,8-7,8-3,11-6,2005
7,Houston Rockets,51-31,26-15,25-16,18-12,33-19,32-21,19-10,12-6,28-11,9-5,10-6,7-3,12-4,2005
8,Sacramento Kings,50-32,30-11,20-21,22-8,28-24,33-20,17-12,10-7,20-15,9-4,12-4,6-8,8-8,2005
9,Denver Nuggets,49-33,31-10,18-23,21-9,28-24,24-29,25-4,8-4,25-18,6-9,5-10,8-4,12-2,2005
10,Chicago Bulls,47-35,27-14,20-21,32-20,15-15,26-23,21-12,7-5,15-15,8-7,13-3,7-4,11-7,2005
11,Boston Celtics,45-37,27-14,18-23,30-22,15-15,27-26,18-11,11-7,16-14,8-8,8-8,8-4,9-5,2005
12,Memphis Grizzlies,45-37,26-15,19-22,18-12,27-25,30-23,15-14,7-11,23-12,9-7,12-3,5-5,8-6,2005
13,Washington Wizards,45-37,29-12,16-25,28-24,17-13,30-22,15-15,14-6,16-16,8-8,11-4,5-7,9-6,2005
14,Indiana Pacers,44-38,25-16,19-22,29-23,15-15,25-26,19-12,9-9,18-12,5-9,5-10,8-4,9-7,2005
15,Minnesota Timberwolves,44-38,24-17,20-21,14-16,30-22,27-27,17-11,5-6,16-15,8-6,8-9,4-9,10-5,2005
16,Philadelphia 76ers,43-39,25-16,18-23,33-19,10-20,26-27,17-12,10-4,13-15,7-8,8-8,5-6,9-7,2005
17,New Jersey Nets,42-40,24-17,18-23,31-21,11-19,23-30,19-10,7-4,19-26,7-7,8-8,7-6,9-6,2005
18,Cleveland Cavaliers,42-40,29-12,13-28,26-26,16-14,30-21,12-19,4-5,27-20,8-7,9-5,5-7,6-9,2005
19,Los Angeles Clippers,37-45,27-14,10-31,17-13,20-32,23-30,14-15,4-13,15-19,4-9,9-8,3-9,7-8,2005
20,Orlando Magic,36-46,24-17,12-29,21-31,15-15,28-24,8-22,10-5,10-22,7-7,9-8,4-7,6-10,2005
21,Golden State Warriors,34-48,20-21,14-27,14-16,20-32,15-38,19-10,4-10,14-22,8-8,1-14,4-7,10-6,2005
22,Los Angeles Lakers,34-48,22-19,12-29,13-17,21-31,26-24,8-24,6-10,11-23,6-6,8-7,5-8,5-11,2005
23,New York Knicks,33-49,22-19,11-30,21-31,12-18,21-32,12-17,9-11,13-17,9-7,2-13,6-7,5-8,2005
24,Toronto Raptors,33-49,22-19,11-30,20-32,13-17,21-32,12-17,6-9,16-21,3-12,8-6,6-5,5-10,2005
25,Milwaukee Bucks,30-52,23-18,7-34,24-28,6-24,20-30,10-22,8-8,10-21,5-9,6-10,8-4,4-13,2005
26,Portland Trail Blazers,27-55,18-23,9-32,14-16,13-39,21-30,6-25,8-5,9-21,5-8,4-11,5-7,2-14,2005
27,Utah Jazz,26-56,18-23,8-33,6-24,20-32,17-35,9-21,6-10,13-31,3-12,4-11,4-7,3-12,2005
28,Charlotte Bobcats,18-64,14-27,4-37,11-41,7-23,11-39,7-25,5-16,6-29,4-9,2-13,2-10,4-13,2005
29,New Orleans Hornets,18-64,11-30,7-34,8-22,10-42,11-42,7-22,6-11,3-31,1-14,6-10,3-9,5-9,2005
30,Atlanta Hawks,13-69,9-32,4-37,8-44,5-25,10-41,3-28,2-8,3-43,3-11,4-11,1-11,1-15,2005
1,Detroit Pistons,64-18,37-4,27-14,39-13,25-5,42-9,22-9,7-4,32-8,13-2,13-2,10-3,11-5,2006
2,San Antonio Spurs,63-19,34-7,29-12,21-9,42-10,40-12,23-7,10-2,31-11,13-4,11-3,9-2,12-4,2006
3,Dallas Mavericks,60-22,34-7,26-15,23-7,37-15,41-11,19-11,11-6,28-10,12-4,13-2,10-1,9-8,2006
4,Phoenix Suns,54-28,31-10,23-18,22-8,32-20,35-17,19-11,0-7,34-9,11-5,10-6,9-1,11-6,2006
5,Miami Heat,52-30,31-10,21-20,35-17,17-13,33-20,19-10,8-4,27-11,9-7,10-5,8-2,12-3,2006
6,Cleveland Cavaliers,50-32,31-10,19-22,34-18,16-14,31-21,19-11,9-4,20-11,8-6,8-7,6-8,10-4,2006
7,Memphis Grizzlies,49-33,30-11,19-22,18-12,31-21,29-23,20-10,6-10,30-13,9-5,7-8,5-8,10-6,2006
8,New Jersey Nets,49-33,29-12,20-21,33-19,16-14,28-23,21-10,8-6,21-17,10-4,6-8,8-5,12-3,2006
9,Los Angeles Clippers,47-35,27-14,20-21,20-10,27-25,30-21,17-14,6-5,24-19,6-7,9-5,7-6,10-6,2006
10,Los Angeles Lakers,45-37,27-14,18-23,18-12,27-25,26-26,19-11,7-9,25-15,10-6,9-6,5-8,10-7,2006
11,Denver Nuggets,44-38,26-15,18-23,19-11,25-27,28-26,16-12,12-8,22-20,6-9,11-5,5-5,11-5,2006
12,Sacramento Kings,44-38,27-14,17-24,14-16,30-22,24-29,20-9,6-5,21-21,5-9,7-9,7-4,11-6,2006
13,Washington Wizards,42-40,27-14,15-26,29-23,13-17,26-25,16-15,5-8,24-16,5-9,9-6,8-4,8-8,2006
14,Chicago Bulls,41-41,21-20,20-21,30-22,11-19,23-29,18-12,6-10,14-16,5-11,8-7,5-7,7-9,2006
15,Indiana Pacers,41-41,27-14,14-27,24-28,17-13,26-23,15-18,4-10,26-14,6-7,6-10,7-3,7-11,2006
16,Utah Jazz,41-41,22-19,19-22,15-15,26-26,25-27,16-14,7-2,17-23,8-7,7-8,6-5,7-9,2006
17,Milwaukee Bucks,40-42,25-16,15-26,29-23,11-19,27-25,13-17,11-6,15-18,9-5,7-10,6-7,7-8,2006
18,New Orleans/Oklahoma City Hornets,38-44,24-17,14-27,13-17,25-27,29-23,9-21,7-5,14-28,5-10,10-5,9-4,3-11,2006
19,Philadelphia 76ers,38-44,23-18,15-26,22-30,16-14,25-27,13-17,9-7,12-21,7-7,8-7,5-6,5-10,2006
20,Orlando Magic,36-46,26-15,10-31,24-28,12-18,19-32,17-14,4-6,15-19,5-8,6-9,2-12,9-8,2006
21,Seattle SuperSonics,35-47,22-19,13-28,15-15,20-32,20-33,15-14,4-4,15-24,7-8,5-10,4-10,7-7,2006
22,Golden State Warriors,34-48,21-20,13-28,15-15,19-33,24-28,10-20,7-14,12-22,6-8,3-9,4-9,6-9,2006
23,Houston Rockets,34-48,15-26,19-22,15-15,19-33,22-31,12-17,7-9,13-19,6-7,5-11,10-3,7-8,2006
24,Boston Celtics,33-49,21-20,12-29,19-33,14-16,20-32,13-17,9-10,15-17,6-9,6-10,5-6,7-9,2006
25,Minnesota Timberwolves,33-49,24-17,9-32,13-17,20-32,23-29,10-20,4-10,16-19,7-7,7-9,3-10,6-10,2006
26,Toronto Raptors,27-55,15-26,12-29,20-32,7-23,20-33,7-22,5-11,12-20,7-7,7-8,5-6,6-10,2006
27,Atlanta Hawks,26-56,18-23,8-33,19-33,7-23,16-34,10-22,12-12,7-22,5-9,5-10,6-6,4-12,2006
28,Charlotte Bobcats,26-56,17-24,9-32,18-34,8-22,14-40,12-16,5-7,10-26,5-9,1-15,4-8,5-10,2006
29,New York Knicks,23-59,15-26,8-33,15-37,8-22,15-37,8-22,8-6,7-32,2-12,7-9,1-11,4-11,2006
30,Portland Trail Blazers,21-61,15-26,6-35,11-19,10-42,18-33,3-28,7-4,4-42,5-10,6-8,2-11,2-13,2006
1,Dallas Mavericks,67-15,36-5,31-10,27-3,40-12,44-9,23-6,12-3,36-9,13-3,14-2,10-0,13-2,2007
2,Phoenix Suns,61-21,33-8,28-13,25-5,36-16,39-13,22-8,5-4,32-4,13-2,15-1,8-5,10-4,2007
3,San Antonio Spurs,58-24,31-10,27-14,20-10,38-14,35-18,23-6,3-5,35-7,12-3,9-7,7-3,13-2,2007
4,Detroit Pistons,53-29,26-15,27-14,36-16,17-13,32-19,21-10,6-10,24-7,8-6,8-7,10-1,10-7,2007
5,Houston Rockets,52-30,28-13,24-17,24-6,28-24,33-19,19-11,4-4,25-13,9-7,10-4,6-6,12-4,2007
6,Utah Jazz,51-31,31-10,20-21,19-11,32-20,35-17,16-14,10-10,26-11,9-5,8-8,8-2,9-6,2007
7,Cleveland Cavaliers,50-32,30-11,20-21,31-21,19-11,31-22,19-10,9-7,25-11,8-6,9-7,7-5,11-5,2007
8,Chicago Bulls,49-33,31-10,18-23,36-16,13-17,29-25,20-8,9-9,28-15,14-3,7-8,7-7,10-4,2007
9,Toronto Raptors,47-35,30-11,17-24,33-19,14-16,29-24,18-11,11-6,23-18,8-8,10-5,9-3,8-6,2007
10,Denver Nuggets,45-37,23-18,22-19,18-12,27-25,26-25,19-12,3-7,23-17,8-7,6-9,6-7,7-8,2007
11,Miami Heat,44-38,27-14,17-24,27-25,17-13,26-26,18-12,13-6,16-22,7-8,7-8,8-4,11-4,2007
12,Golden State Warriors,42-40,30-11,12-29,14-16,28-24,25-29,17-11,8-8,26-21,7-9,5-9,5-8,8-6,2007
13,Los Angeles Lakers,42-40,25-16,17-24,14-16,28-24,30-24,12-16,5-4,18-16,10-6,8-7,5-7,5-9,2007
14,New Jersey Nets,41-41,24-17,17-24,31-21,10-20,25-29,16-12,6-8,17-17,7-9,9-6,6-6,6-9,2007
15,Washington Wizards,41-41,26-15,15-26,27-25,14-16,29-21,12-20,12-7,19-16,12-4,10-5,4-7,7-8,2007
16,Orlando Magic,40-42,25-16,15-26,26-26,14-16,27-26,13-16,10-7,20-19,6-10,6-8,4-9,6-8,2007
17,Los Angeles Clippers,40-42,25-16,15-26,17-13,23-29,25-28,15-14,5-6,20-25,7-9,9-6,5-7,8-8,2007
18,New Orleans/Oklahoma City Hornets,39-43,24-17,15-26,16-14,23-29,25-28,14-15,9-7,14-21,4-11,7-8,9-4,5-10,2007
19,Indiana Pacers,35-47,22-19,13-28,25-27,10-20,28-24,7-23,5-7,18-24,8-8,7-6,5-6,2-14,2007
20,Philadelphia 76ers,35-47,21-20,14-27,24-28,11-19,17-36,18-11,9-8,12-25,3-13,7-10,5-6,9-6,2007
21,Charlotte Bobcats,33-49,20-21,13-28,24-28,9-21,19-33,14-16,2-4,15-23,5-10,8-7,5-8,6-9,2007
22,New York Knicks,33-49,19-22,14-27,22-30,11-19,23-30,10-19,10-10,10-23,7-9,7-8,6-5,5-9,2007
23,Sacramento Kings,33-49,20-21,13-28,15-15,18-34,22-29,11-20,5-6,14-19,5-10,5-11,7-6,5-9,2007
24,Minnesota Timberwolves,32-50,20-21,12-29,14-16,18-34,25-27,7-23,7-10,9-25,7-7,9-8,4-8,4-11,2007
25,Portland Trail Blazers,32-50,18-23,14-27,13-17,19-33,22-32,10-18,11-7,9-29,7-8,7-9,4-7,5-10,2007
26,Seattle SuperSonics,31-51,20-21,11-30,13-17,18-34,20-32,11-19,10-10,14-23,7-9,4-10,5-6,8-7,2007
27,Atlanta Hawks,30-52,18-23,12-29,17-35,13-17,21-31,9-21,7-7,11-30,3-13,8-7,5-9,5-10,2007
28,Milwaukee Bucks,28-54,18-23,10-31,15-37,13-17,19-34,9-20,4-8,10-28,11-6,2-13,3-9,4-9,2007
29,Boston Celtics,24-58,12-29,12-29,16-36,8-22,13-38,11-20,4-12,7-20,5-10,2-14,3-9,7-8,2007
30,Memphis Grizzlies,22-60,14-27,8-33,8-22,14-38,14-40,8-20,5-12,8-26,3-14,5-10,3-9,4-11,2007
1,Boston Celtics,66-16,35-6,31-10,41-11,25-5,41-9,25-7,7-6,45-3,13-1,10-5,9-4,13-3,2008
2,Detroit Pistons,59-23,34-7,25-16,37-15,22-8,39-13,20-10,5-3,37-10,15-2,9-6,9-3,10-5,2008
3,Los Angeles Lakers,57-25,30-11,27-14,20-10,37-15,35-17,22-8,5-8,37-9,10-4,9-5,13-2,9-6,2008
4,New Orleans Hornets,56-26,30-11,26-15,22-8,34-18,36-15,20-11,8-4,37-15,9-5,12-2,7-5,11-4,2008
5,San Antonio Spurs,56-26,34-7,22-19,23-7,33-19,34-17,22-9,8-6,31-11,7-5,8-8,10-1,12-6,2008
6,Houston Rockets,55-27,31-10,24-17,22-8,33-19,32-20,23-7,9-3,31-11,6-8,10-4,13-0,11-4,2008
7,Phoenix Suns,55-27,30-11,25-16,24-6,31-21,37-16,18-11,3-5,31-9,10-5,11-5,6-5,11-5,2008
8,Utah Jazz,54-28,37-4,17-24,21-9,33-19,34-19,20-9,4-3,37-14,5-11,11-2,9-4,12-4,2008
9,Orlando Magic,52-30,25-16,27-14,38-14,14-16,33-21,19-9,6-6,34-12,8-7,7-7,8-5,10-4,2008
10,Dallas Mavericks,51-31,34-7,17-24,18-12,33-19,35-18,16-13,5-6,29-11,9-6,11-3,8-6,7-8,2008
11,Denver Nuggets,50-32,33-8,17-24,19-11,31-21,32-20,18-12,6-6,29-18,8-5,9-6,8-5,10-6,2008
12,Golden State Warriors,48-34,27-14,21-20,20-10,28-24,32-20,16-14,9-2,22-14,11-6,9-6,7-3,10-6,2008
13,Cleveland Cavaliers,45-37,27-14,18-23,28-24,17-13,29-23,16-14,10-8,10-17,5-9,11-3,8-6,8-7,2008
14,Washington Wizards,43-39,25-16,18-23,29-23,14-16,25-27,18-12,5-9,26-19,8-5,9-6,4-10,10-6,2008
15,Toronto Raptors,41-41,25-16,16-25,29-23,12-18,28-23,13-18,3-3,26-16,8-8,8-5,7-5,6-11,2008
16,Portland Trail Blazers,41-41,28-13,13-28,15-15,26-26,28-24,13-17,10-2,15-22,13-2,8-6,5-9,7-8,2008
17,Philadelphia 76ers,40-42,22-19,18-23,25-27,15-15,23-30,17-12,4-8,18-20,9-7,4-11,8-5,11-4,2008
18,Sacramento Kings,38-44,26-15,12-29,17-13,21-31,23-28,15-16,10-8,17-23,6-8,9-6,6-8,7-8,2008
19,Atlanta Hawks,37-45,25-16,12-29,24-28,13-17,22-28,15-17,6-5,11-24,9-4,4-11,6-8,9-8,2008
20,Indiana Pacers,36-46,21-20,15-26,24-28,12-18,21-32,15-14,4-3,14-22,7-8,4-10,4-9,8-7,2008
21,New Jersey Nets,34-48,21-20,13-28,26-26,8-22,23-30,11-18,7-3,8-31,7-8,5-10,7-6,5-11,2008
22,Chicago Bulls,33-49,20-21,13-28,24-28,9-21,21-31,12-18,4-3,19-29,8-8,7-9,5-8,6-9,2008
23,Charlotte Bobcats,32-50,21-20,11-30,19-33,13-17,19-34,13-16,8-6,12-24,5-10,7-10,1-11,9-7,2008
24,Milwaukee Bucks,26-56,19-22,7-34,18-34,8-22,19-34,7-22,6-9,5-29,4-12,7-10,4-7,2-12,2008
25,Los Angeles Clippers,23-59,13-28,10-31,10-20,13-39,17-33,6-26,2-5,10-35,4-11,4-9,5-9,3-15,2008
26,New York Knicks,23-59,15-26,8-33,20-32,3-27,15-37,8-22,4-5,6-33,3-11,6-10,4-9,2-13,2008
27,Memphis Grizzlies,22-60,14-27,8-33,11-19,11-41,14-38,8-22,2-11,10-37,3-12,5-11,1-11,5-11,2008
28,Minnesota Timberwolves,22-60,15-26,7-34,8-22,14-38,10-41,12-19,4-8,8-35,2-14,5-10,3-9,7-8,2008
29,Seattle SuperSonics,20-62,13-28,7-34,8-22,12-40,13-38,7-24,5-7,5-37,6-8,2-13,4-8,2-14,2008
30,Miami Heat,15-67,9-32,6-35,8-44,7-23,9-43,6-24,3-11,4-34,4-12,1-13,2-10,2-15,2008
1,Cleveland Cavaliers,66-16,39-2,27-14,40-12,26-4,40-11,26-5,3-3,41-7,12-2,10-4,9-3,16-1,2009
2,Los Angeles Lakers,65-17,36-5,29-12,21-9,44-8,42-10,23-7,7-5,35-7,11-4,12-4,11-2,10-5,2009
3,Boston Celtics,62-20,35-6,27-14,41-11,21-9,44-11,18-9,7-3,35-6,12-3,11-4,8-4,9-6,2009
4,Orlando Magic,59-23,32-9,27-14,37-15,22-8,38-13,21-10,9-2,32-10,12-3,10-3,8-6,12-2,2009
5,Denver Nuggets,54-28,33-8,21-20,19-11,35-17,36-17,18-11,8-5,32-14,9-6,10-4,8-4,10-6,2009
6,Portland Trail Blazers,54-28,34-7,20-21,22-8,32-20,32-20,22-8,9-1,31-11,8-6,9-5,7-5,11-5,2009
7,San Antonio Spurs,54-28,28-13,26-15,18-12,36-16,35-16,19-12,12-7,26-12,11-4,12-3,7-4,9-8,2009
8,Houston Rockets,53-29,33-8,20-21,18-12,35-17,32-21,21-8,5-8,29-11,10-5,8-7,8-3,11-4,2009
9,Dallas Mavericks,50-32,32-9,18-23,21-9,29-23,31-21,19-11,10-4,28-14,11-4,8-7,8-4,9-7,2009
10,New Orleans Hornets,49-33,28-13,21-20,19-11,30-22,30-20,19-13,8-1,23-17,10-3,9-7,7-6,11-5,2009
11,Utah Jazz,48-34,33-8,15-26,15-15,33-19,30-23,18-11,1-3,26-15,8-7,7-8,10-1,10-5,2009
12,Atlanta Hawks,47-35,31-10,16-25,30-22,17-13,31-21,16-14,5-7,18-13,11-4,6-10,6-5,10-7,2009
13,Phoenix Suns,46-36,28-13,18-23,16-14,30-22,28-23,18-13,5-3,23-21,7-5,7-8,8-5,7-9,2009
14,Miami Heat,43-39,28-13,15-26,28-24,15-15,28-24,15-15,7-6,16-17,9-4,8-8,6-6,8-8,2009
15,Chicago Bulls,41-41,28-13,13-28,24-28,17-13,23-30,18-11,4-8,18-19,6-9,7-9,6-6,9-7,2009
16,Philadelphia 76ers,41-41,24-17,17-24,25-27,16-14,27-24,14-17,6-9,15-19,6-8,10-5,6-6,9-6,2009
17,Detroit Pistons,39-43,21-20,18-23,26-26,13-17,27-24,12-19,5-6,12-16,9-5,6-9,3-9,8-9,2009
18,Indiana Pacers,36-46,25-16,11-30,23-29,13-17,21-33,15-13,9-12,9-15,4-11,9-8,6-7,7-7,2009
19,Charlotte Bobcats,35-47,23-18,12-29,20-32,15-15,21-31,14-16,5-5,14-18,6-10,8-7,6-7,9-5,2009
20,Milwaukee Bucks,34-48,22-19,12-29,21-31,13-17,26-29,8-19,5-3,16-21,8-6,9-9,5-6,3-10,2009
21,New Jersey Nets,34-48,19-22,15-26,23-29,11-19,24-29,10-19,6-8,18-24,6-10,6-10,5-5,4-12,2009
22,Toronto Raptors,33-49,18-23,15-26,22-30,11-19,21-34,12-15,3-4,15-24,4-12,7-9,4-8,5-8,2009
23,New York Knicks,32-50,20-21,12-29,20-32,12-18,21-31,11-19,1-4,12-20,4-10,9-7,3-10,5-11,2009
24,Golden State Warriors,29-53,21-20,8-33,11-19,18-34,19-35,10-18,3-6,13-25,5-12,5-9,5-5,5-11,2009
25,Memphis Grizzlies,24-58,16-25,8-33,10-20,14-38,15-37,9-21,2-4,11-38,6-9,1-13,4-8,4-11,2009
26,Minnesota Timberwolves,24-58,11-30,13-28,11-19,13-39,17-34,7-24,6-8,7-27,2-14,10-4,2-11,3-14,2009
27,Oklahoma City Thunder,23-59,15-26,8-33,8-22,15-37,13-40,10-19,7-9,6-34,2-13,7-7,3-9,7-8,2009
28,Los Angeles Clippers,19-63,11-30,8-33,9-21,10-42,13-40,6-23,4-8,10-41,5-10,2-14,5-8,3-11,2009
29,Washington Wizards,19-63,13-28,6-35,10-42,9-21,11-42,8-21,7-5,7-35,4-12,4-13,4-8,3-13,2009
30,Sacramento Kings,17-65,11-30,6-35,1-29,16-36,11-43,6-22,2-14,6-33,3-10,2-14,3-10,3-9,2009
1,Cleveland Cavaliers,61-21,35-6,26-15,38-14,23-7,43-11,18-10,7-8,32-5,14-3,12-3,8-3,13-2,2010
2,Orlando Magic,59-23,34-7,25-16,39-13,20-10,36-18,23-5,3-4,39-6,9-4,9-8,8-4,12-2,2010
3,Los Angeles Lakers,57-25,34-7,23-18,22-8,35-17,41-13,16-12,11-7,27-13,12-3,12-5,8-4,9-6,2010
4,Dallas Mavericks,55-27,28-13,27-14,22-8,33-19,32-20,23-7,9-2,21-14,9-5,8-7,9-4,11-4,2010
5,Phoenix Suns,54-28,32-9,22-19,19-11,35-17,31-22,23-6,5-4,31-10,7-9,7-9,9-3,12-2,2010
6,Atlanta Hawks,53-29,34-7,19-22,32-20,21-9,33-18,20-11,4-6,31-9,9-5,9-6,7-5,11-5,2010
7,Denver Nuggets,53-29,34-7,19-22,19-11,34-18,35-18,18-11,9-4,29-13,8-7,12-3,7-5,9-7,2010
8,Utah Jazz,53-29,32-9,21-20,22-8,31-21,32-19,21-10,5-3,32-14,8-7,10-4,10-3,12-5,2010
9,Boston Celtics,50-32,24-17,26-15,33-19,17-13,32-18,18-14,8-6,23-10,10-4,6-8,7-5,11-6,2010
10,Oklahoma City Thunder,50-32,27-14,23-18,22-8,28-24,30-21,20-11,7-11,25-9,9-6,8-7,9-2,11-5,2010
11,Portland Trail Blazers,50-32,26-15,24-17,17-13,33-19,31-24,19-8,6-3,24-13,9-6,7-8,7-6,11-2,2010
12,San Antonio Spurs,50-32,29-12,21-20,19-11,31-21,30-21,20-11,6-4,34-9,10-5,8-8,6-5,12-5,2010
13,Miami Heat,47-35,24-17,23-18,32-20,15-15,26-27,21-8,7-3,27-18,7-7,8-9,5-8,12-3,2010
14,Milwaukee Bucks,46-36,28-13,18-23,31-21,15-15,24-27,22-9,7-12,19-17,3-11,8-7,10-4,11-4,2010
15,Charlotte Bobcats,44-38,31-10,13-28,27-25,17-13,26-25,18-13,9-7,21-11,5-9,12-4,4-7,11-6,2010
16,Houston Rockets,42-40,23-18,19-22,14-16,28-24,27-24,15-16,5-5,17-15,11-5,5-9,4-7,8-8,2010
17,Chicago Bulls,41-41,24-17,17-24,28-24,13-17,25-26,16-15,7-5,15-21,7-8,10-5,8-6,4-11,2010
18,Memphis Grizzlies,40-42,23-18,17-24,18-12,22-30,26-25,14-17,6-4,17-26,9-4,10-5,5-8,8-7,2010
19,Toronto Raptors,40-42,25-16,15-26,29-23,11-19,29-23,11-19,6-5,19-24,9-6,10-5,5-5,6-10,2010
20,New Orleans Hornets,37-45,24-17,13-28,11-19,26-26,28-25,9-20,6-3,5-24,7-6,12-5,5-8,4-12,2010
21,Indiana Pacers,32-50,23-18,9-32,23-29,9-21,18-34,14-16,3-5,20-28,3-13,7-10,4-7,8-8,2010
22,Los Angeles Clippers,29-53,21-20,8-33,14-16,15-37,21-31,8-22,5-3,12-35,6-8,6-9,4-8,3-13,2010
23,New York Knicks,29-53,18-23,11-30,20-32,9-21,19-32,10-21,4-6,10-28,9-6,6-9,2-9,6-10,2010
24,Detroit Pistons,27-55,17-24,10-31,18-34,9-21,18-33,9-22,4-1,7-29,5-10,4-10,6-7,2-13,2010
25,Philadelphia 76ers,27-55,12-29,15-26,14-38,13-17,20-32,7-23,6-8,15-26,4-10,7-8,6-5,4-13,2010
26,Golden State Warriors,26-56,18-23,8-33,11-19,15-37,14-37,12-19,2-8,14-28,3-12,4-11,4-8,4-12,2010
27,Washington Wizards,26-56,15-26,11-30,18-34,8-22,17-33,9-23,5-12,11-31,5-10,6-10,5-6,1-16,2010
28,Sacramento Kings,25-57,18-23,7-34,9-21,16-36,18-34,7-23,6-7,10-27,6-9,2-13,4-9,4-13,2010
29,Minnesota Timberwolves,15-67,10-31,5-36,7-23,8-44,13-40,2-27,3-9,4-39,5-11,4-12,3-9,1-13,2010
30,New Jersey Nets,12-70,8-33,4-37,8-44,4-26,4-48,8-22,1-7,5-44,3-12,1-13,2-11,4-12,2010
1,Chicago Bulls,62-20,36-5,26-15,39-13,23-7,38-16,24-4,9-5,31-5,12-4,12-4,8-3,13-3,2011
2,San Antonio Spurs,61-21,36-5,25-16,23-7,38-14,46-10,15-11,7-4,32-9,13-2,12-3,9-3,8-8,2011
3,Miami Heat,58-24,30-11,28-13,38-14,20-10,41-15,17-9,2-8,35-6,15-1,9-5,9-3,9-6,2011
4,Dallas Mavericks,57-25,29-12,28-13,22-8,35-17,40-16,17-9,10-6,22-8,11-3,8-8,11-1,10-6,2011
5,Los Angeles Lakers,57-25,30-11,27-14,21-9,36-16,38-19,19-6,4-4,30-9,10-5,10-5,9-4,12-1,2011
6,Boston Celtics,56-26,33-8,23-18,37-15,19-11,40-14,16-12,8-8,30-7,11-3,12-4,7-4,9-7,2011
7,Oklahoma City Thunder,55-27,30-11,25-16,22-8,33-19,35-19,20-8,10-5,22-8,11-5,7-6,6-5,14-2,2011
8,Orlando Magic,52-30,29-12,23-18,36-16,16-14,36-21,16-9,6-7,33-9,8-8,10-6,7-4,9-6,2011
9,Denver Nuggets,50-32,33-8,17-24,20-10,30-22,32-25,18-7,7-8,29-10,8-7,10-7,7-6,10-3,2011
10,Portland Trail Blazers,48-34,30-11,18-23,18-12,30-22,32-24,16-10,7-4,19-15,9-7,8-6,8-4,10-6,2011
11,Memphis Grizzlies,46-36,30-11,16-25,16-14,30-22,31-26,15-10,9-10,23-12,6-8,11-6,8-4,9-5,2011
12,New Orleans Hornets,46-36,28-13,18-23,19-11,27-25,33-25,13-11,8-6,16-17,7-9,12-4,4-8,8-6,2011
13,Atlanta Hawks,44-38,24-17,20-21,31-21,13-17,34-21,10-17,7-1,21-21,10-7,9-4,6-6,7-8,2011
14,Houston Rockets,43-39,25-16,18-23,18-12,25-27,26-31,17-8,7-8,21-11,11-4,6-11,8-4,9-5,2011
15,New York Knicks,42-40,23-18,19-22,28-24,14-16,28-26,14-14,4-5,18-14,8-5,7-8,5-5,7-11,2011
16,Philadelphia 76ers,41-41,26-15,15-26,25-27,16-14,27-29,14-12,3-8,26-13,8-7,8-6,9-3,9-7,2011
17,Phoenix Suns,40-42,23-18,17-24,17-13,23-29,27-27,13-15,7-6,15-18,6-8,8-7,9-3,5-11,2011
18,Utah Jazz,39-43,21-20,18-23,18-12,21-31,31-26,8-17,6-4,16-24,8-6,7-9,3-9,4-10,2011
19,Indiana Pacers,37-45,24-17,13-28,28-24,9-21,24-30,13-15,7-6,19-28,5-10,4-10,8-5,8-10,2011
20,Golden State Warriors,36-46,26-15,10-31,15-15,21-31,26-29,10-17,4-4,14-24,5-9,7-8,6-5,6-12,2011
21,Milwaukee Bucks,35-47,22-19,13-28,26-26,9-21,21-34,14-13,3-8,16-21,6-7,7-9,3-9,8-8,2011
22,Charlotte Bobcats,34-48,21-20,13-28,22-30,12-18,24-32,10-16,11-7,9-24,5-9,9-7,6-6,6-9,2011
23,Los Angeles Clippers,32-50,23-18,9-32,13-17,19-33,21-35,11-15,4-5,9-24,7-8,9-5,2-12,8-6,2011
24,Detroit Pistons,30-52,21-20,9-32,22-30,8-22,21-36,9-16,3-7,13-27,5-10,6-9,5-8,4-9,2011
25,New Jersey Nets,24-58,19-22,5-36,13-39,11-19,17-40,7-18,7-7,4-34,3-12,6-10,2-9,6-8,2011
26,Sacramento Kings,24-58,11-30,13-28,9-21,15-37,13-40,11-18,8-8,7-23,2-11,6-10,3-10,6-10,2011
27,Washington Wizards,23-59,20-21,3-38,16-36,7-23,15-39,8-20,8-2,7-36,3-12,5-11,2-10,3-12,2011
28,Toronto Raptors,22-60,16-25,6-35,14-38,8-22,15-41,7-19,2-7,8-30,5-10,2-15,3-8,4-10,2011
29,Cleveland Cavaliers,19-63,12-29,7-34,15-37,4-26,10-46,9-17,2-5,2-38,1-14,0-16,3-8,4-11,2011
30,Minnesota Timberwolves,17-65,12-29,5-36,10-20,7-45,13-43,4-22,3-10,11-33,4-12,3-11,3-10,3-12,2011
1,Chicago Bulls,50-16,26-7,24-9,38-10,12-6,27-8,23-8,5-2,31-8,3-1,15-4,11-3,13-3,2012
2,San Antonio Spurs,50-16,28-5,22-11,15-3,35-13,24-10,26-6,5-4,31-7,3-1,10-8,11-2,12-3,2012
3,Oklahoma City Thunder,47-19,26-7,21-12,13-5,34-14,27-7,20-12,5-4,27-5,5-0,11-4,12-3,11-5,2012
4,Miami Heat,46-20,28-5,18-15,35-13,11-7,27-7,19-13,6-2,29-10,4-0,12-5,11-2,10-6,2012
5,Indiana Pacers,42-24,23-10,19-14,29-19,13-5,21-12,21-12,4-3,21-12,3-1,11-5,8-6,8-9,2012
6,Los Angeles Lakers,41-25,26-7,15-18,9-9,32-16,20-14,21-11,10-4,11-10,3-2,10-7,8-5,11-6,2012
7,Memphis Grizzlies,41-25,26-7,15-18,15-3,26-22,19-15,22-10,6-2,16-10,1-2,10-8,9-5,8-7,2012
8,Atlanta Hawks,40-26,23-10,17-16,31-17,9-9,20-14,20-12,6-8,17-13,3-1,13-5,4-9,11-8,2012
9,Los Angeles Clippers,40-26,24-9,16-17,11-7,29-19,20-11,20-15,7-6,17-7,1-2,11-4,8-6,11-9,2012
10,Boston Celtics,39-27,24-9,15-18,32-16,7-11,15-17,24-10,6-5,19-11,1-3,9-7,7-7,12-5,2012
11,Denver Nuggets,38-28,20-13,18-15,16-2,22-26,18-17,20-11,6-6,18-11,2-2,12-5,5-10,9-7,2012
12,Orlando Magic,37-29,21-12,16-17,30-18,7-11,22-13,15-16,2-5,18-16,3-1,9-8,11-4,9-7,2012
13,Dallas Mavericks,36-30,23-10,13-20,10-8,26-22,21-13,15-17,7-8,16-15,1-3,13-5,7-7,9-8,2012
14,New York Knicks,36-30,22-11,14-19,28-20,8-10,17-18,19-12,7-3,19-15,2-2,6-11,10-5,9-8,2012
15,Utah Jazz,36-30,25-8,11-22,11-7,25-23,15-17,21-13,7-6,15-14,1-3,11-4,4-11,11-8,2012
16,Philadelphia 76ers,35-31,19-14,16-17,28-20,7-11,20-14,15-17,1-4,28-12,2-2,13-4,6-9,8-8,2012
17,Houston Rockets,34-32,22-11,12-21,11-7,23-25,20-14,14-18,8-5,13-13,2-2,10-7,9-6,7-9,2012
18,Phoenix Suns,33-33,19-14,14-19,10-8,23-25,14-20,19-13,8-5,14-19,1-3,6-10,7-7,11-6,2012
19,Milwaukee Bucks,31-35,17-16,14-19,24-24,7-11,13-20,18-15,4-6,13-12,2-1,7-10,5-10,10-7,2012
20,Portland Trail Blazers,28-38,20-13,8-25,8-10,20-28,18-16,10-22,3-11,17-17,3-0,9-9,6-8,6-11,2012
21,Minnesota Timberwolves,26-40,13-20,13-20,7-11,19-29,17-17,9-23,7-7,13-16,0-3,10-8,8-7,7-10,2012
22,Detroit Pistons,25-41,18-15,7-26,20-28,5-13,11-24,14-17,7-4,12-27,1-3,3-16,8-6,7-8,2012
23,Golden State Warriors,23-43,12-21,11-22,7-11,16-32,13-17,10-26,5-12,7-16,2-2,5-10,7-6,6-12,2012
24,Toronto Raptors,23-43,13-20,10-23,15-33,8-10,10-23,13-20,1-7,12-21,1-2,6-13,4-9,6-11,2012
25,New Jersey Nets,22-44,9-24,13-20,16-32,6-12,10-25,12-19,6-2,8-26,1-3,6-12,4-10,8-10,2012
26,Sacramento Kings,22-44,16-17,6-27,6-12,16-32,11-22,11-22,6-7,6-24,1-3,5-12,6-7,6-12,2012
27,Cleveland Cavaliers,21-45,11-22,10-23,13-35,8-10,13-18,8-27,5-6,9-26,1-2,7-10,5-8,4-13,2012
28,New Orleans Hornets,21-45,11-22,10-23,7-11,14-34,8-25,13-20,4-9,6-19,2-1,2-16,4-10,5-12,2012
29,Washington Wizards,20-46,11-22,9-24,16-32,4-14,7-26,13-20,6-5,11-26,0-3,4-14,3-11,5-11,2012
30,Charlotte Bobcats,7-59,4-29,3-30,5-43,2-16,4-28,3-31,2-4,2-38,1-2,2-17,1-10,3-14,2012
1,Miami Heat,66-16,37-4,29-12,41-11,25-5,36-14,30-2,9-3,39-8,10-5,8-5,12-1,17-1,2013
2,Oklahoma City Thunder,60-22,34-7,26-15,21-9,39-13,39-14,21-8,3-6,44-6,11-2,11-5,7-4,12-5,2013
3,San Antonio Spurs,58-24,35-6,23-18,25-5,33-19,42-12,16-12,9-5,31-10,12-4,12-3,8-3,10-4,2013
4,Denver Nuggets,57-25,38-3,19-22,19-11,38-14,33-21,24-4,11-7,28-8,9-6,12-3,8-4,13-2,2013
5,Los Angeles Clippers,56-26,32-9,24-17,21-9,35-17,39-17,17-9,3-5,38-12,16-0,9-7,8-5,7-7,2013
6,Memphis Grizzlies,56-26,32-9,24-17,22-8,34-18,33-18,23-8,6-4,28-9,7-7,10-7,9-2,11-6,2013
7,New York Knicks,54-28,31-10,23-18,37-15,17-13,32-18,22-10,7-5,31-12,10-5,7-6,6-5,12-6,2013
8,Brooklyn Nets,49-33,26-15,23-18,36-16,13-17,31-22,18-11,9-4,23-17,5-11,11-4,7-5,8-7,2013
9,Indiana Pacers,49-32,30-11,19-21,31-20,18-12,32-21,17-11,4-9,27-14,10-5,9-6,9-3,11-5,2013
10,Golden State Warriors,47-35,28-13,19-22,19-11,28-24,30-22,17-13,5-3,20-18,12-4,8-7,4-8,9-7,2013
11,Chicago Bulls,45-37,24-17,21-20,34-18,11-19,30-22,15-15,11-7,16-16,9-6,12-4,5-8,7-7,2013
12,Houston Rockets,45-37,29-12,16-25,21-9,24-28,29-26,16-11,5-5,26-13,10-6,8-9,6-5,9-5,2013
13,Los Angeles Lakers,45-37,29-12,16-25,17-13,28-24,25-29,20-8,8-5,18-17,7-7,5-11,9-4,9-6,2013
14,Atlanta Hawks,44-38,25-16,19-22,29-23,15-15,29-22,15-16,5-5,19-20,10-5,7-9,7-4,8-10,2013
15,Utah Jazz,43-39,30-11,13-28,17-13,26-26,30-24,13-15,5-7,19-21,6-9,10-4,6-6,7-9,2013
16,Boston Celtics,41-40,27-13,14-27,27-24,14-16,28-24,13-16,8-7,18-23,5-9,8-7,8-4,8-8,2013
17,Dallas Mavericks,41-41,24-17,17-24,17-13,24-28,23-29,18-12,5-8,17-19,5-10,7-8,6-5,11-5,2013
18,Milwaukee Bucks,38-44,21-20,17-24,24-28,14-16,26-25,12-19,7-5,13-25,9-6,8-7,4-8,7-9,2013
19,Philadelphia 76ers,34-48,23-18,11-30,22-30,12-18,22-29,12-19,4-5,13-24,4-11,5-9,3-8,8-9,2013
20,Toronto Raptors,34-48,21-20,13-28,22-30,12-18,21-32,13-16,8-8,16-22,7-7,5-10,7-5,4-11,2013
21,Portland Trail Blazers,33-49,22-19,11-30,15-15,18-34,25-28,8-21,9-6,13-24,9-4,8-8,3-9,7-9,2013
22,Minnesota Timberwolves,31-51,20-21,11-30,14-16,17-35,19-31,12-20,3-10,15-26,7-5,3-12,3-10,6-11,2013
23,Detroit Pistons,29-53,18-23,11-30,25-27,4-26,21-33,8-20,6-10,15-29,6-10,6-7,6-8,1-13,2013
24,Washington Wizards,29-53,22-19,7-34,15-37,14-16,15-36,14-17,6-9,13-17,3-11,7-9,7-5,9-8,2013
25,Sacramento Kings,28-54,20-21,8-33,14-16,14-38,19-35,9-19,7-3,12-31,7-8,6-11,3-9,7-8,2013
26,New Orleans Hornets,27-55,16-25,11-30,12-18,15-37,19-34,8-21,7-5,10-27,3-13,8-8,5-8,6-9,2013
27,Phoenix Suns,25-57,17-24,8-33,8-22,17-35,17-36,8-21,6-8,10-31,4-11,5-9,4-9,3-12,2013
28,Cleveland Cavaliers,24-58,14-27,10-31,18-34,6-24,16-37,8-21,6-11,7-27,3-13,6-8,7-5,2-12,2013
29,Charlotte Bobcats,21-61,15-26,6-35,18-34,3-27,12-40,9-21,6-6,6-37,1-15,3-11,2-10,4-12,2013
30,Orlando Magic,20-62,12-29,8-33,10-42,10-20,15-37,5-25,2-9,8-30,7-9,2-12,2-11,3-13,2013
1,San Antonio Spurs,62-20,32-9,30-11,24-6,38-14,38-15,24-5,7-0,35-12,11-4,8-6,9-3,16-0,2014
2,Oklahoma City Thunder,59-23,34-7,25-16,23-7,36-16,43-12,16-11,10-4,33-8,14-3,13-4,6-5,10-4,2014
3,Los Angeles Clippers,57-25,34-7,23-18,21-9,36-16,37-18,20-7,4-3,30-9,9-7,12-4,7-4,13-2,2014
4,Indiana Pacers,56-26,35-6,21-20,38-14,18-12,40-12,16-14,4-3,29-17,10-4,10-5,9-3,8-10,2014
5,Houston Rockets,54-28,33-8,21-20,23-7,31-21,36-17,18-11,7-6,30-9,8-8,10-4,8-2,10-4,2014
6,Miami Heat,54-28,32-9,22-19,34-18,20-10,37-14,17-14,8-7,29-10,11-4,8-6,9-1,10-8,2014
7,Portland Trail Blazers,54-28,31-10,23-18,23-7,31-21,36-17,18-11,8-9,24-13,12-4,8-6,7-5,8-9,2014
8,Golden State Warriors,51-31,27-14,24-17,20-10,31-21,31-22,20-9,11-8,28-9,11-5,9-6,7-4,9-5,2014
9,Memphis Grizzlies,50-32,27-14,23-18,21-9,29-23,29-23,21-9,10-4,18-13,5-9,12-3,7-5,12-5,2014
10,Dallas Mavericks,49-33,26-15,23-18,20-10,29-23,32-22,17-11,11-11,23-10,8-5,9-8,9-3,8-6,2014
11,Chicago Bulls,48-34,27-14,21-20,35-17,13-17,27-25,21-9,6-5,27-19,5-10,11-4,9-4,10-6,2014
12,Toronto Raptors,48-34,26-15,22-19,32-20,16-14,28-24,20-10,3-8,24-6,8-6,11-6,7-5,10-6,2014
13,Phoenix Suns,48-34,26-15,22-19,20-10,28-24,30-21,18-13,2-9,19-7,10-3,9-7,6-6,10-6,2014
14,Brooklyn Nets,44-38,28-13,16-25,26-26,18-12,24-27,20-11,8-3,17-20,5-9,10-3,7-5,12-4,2014
15,Washington Wizards,44-38,22-19,22-19,33-19,11-19,25-27,19-11,5-9,19-14,6-5,8-9,8-5,8-8,2014
16,Charlotte Bobcats,43-39,25-16,18-23,30-22,13-17,23-30,20-9,8-8,18-19,6-9,7-9,6-4,9-7,2014
17,Minnesota Timberwolves,40-42,24-17,16-25,17-13,23-29,25-28,15-14,5-6,26-18,6-7,8-7,5-6,8-8,2014
18,Atlanta Hawks,38-44,24-17,14-27,28-24,10-20,25-26,13-18,8-9,15-16,9-5,6-7,2-10,6-10,2014
19,New York Knicks,37-45,19-22,18-23,26-26,11-19,20-32,17-13,3-8,19-22,6-9,10-6,2-11,11-5,2014
20,Denver Nuggets,36-46,22-19,14-27,16-14,20-32,24-27,12-19,8-5,16-24,5-10,8-7,3-9,7-10,2014
21,New Orleans Pelicans,34-48,22-19,12-29,19-11,15-37,23-29,11-19,7-8,10-21,7-7,5-11,4-9,9-7,2014
22,Cleveland Cavaliers,33-49,19-22,14-27,21-31,12-18,20-33,13-16,7-5,13-27,5-9,6-9,8-6,6-9,2014
23,Detroit Pistons,29-53,17-24,12-29,23-29,6-24,22-30,7-23,2-6,16-25,8-9,4-8,5-8,4-12,2014
24,Sacramento Kings,28-54,17-24,11-30,13-17,15-37,18-35,10-19,4-9,12-26,6-10,5-11,5-7,6-10,2014
25,Los Angeles Lakers,27-55,14-27,13-28,12-18,15-37,18-35,9-20,5-5,12-33,4-11,3-12,4-8,5-9,2014
26,Boston Celtics,25-57,16-25,9-32,21-31,4-26,19-35,6-22,5-9,9-23,6-6,2-15,5-6,3-12,2014
27,Utah Jazz,25-57,16-25,9-32,12-18,13-39,19-33,6-24,5-4,9-39,7-9,6-6,5-7,2-15,2014
28,Orlando Magic,23-59,19-22,4-37,17-35,6-24,16-38,7-21,5-7,10-30,4-11,3-14,5-7,3-11,2014
29,Philadelphia 76ers,19-63,10-31,9-32,14-38,5-25,15-39,4-24,6-3,4-46,3-10,6-11,0-11,1-15,2014
30,Milwaukee Bucks,15-67,10-31,5-36,12-40,3-27,9-43,6-24,4-5,4-33,4-11,1-14,3-8,3-14,2014
1,Golden State Warriors,67-15,39-2,28-13,25-5,42-10,42-9,25-6,5-3,45-9,11-3,12-3,8-3,16-2,2015
2,Atlanta Hawks,60-22,35-6,25-16,38-14,22-8,43-11,17-11,6-4,30-10,14-2,17-0,7-4,9-7,2015
3,Houston Rockets,56-26,30-11,26-15,23-7,33-19,36-17,20-9,8-4,31-14,9-5,11-6,7-3,10-6,2015
4,Los Angeles Clippers,56-26,30-11,26-15,19-11,37-15,35-19,21-7,3-5,33-9,11-6,11-4,5-6,11-5,2015
5,Memphis Grizzlies,55-27,31-10,24-17,20-10,35-17,39-14,16-13,9-3,26-13,8-6,12-4,7-4,9-8,2015
6,San Antonio Spurs,55-27,33-8,22-19,23-7,32-20,34-19,21-8,6-7,34-7,8-10,10-4,6-5,12-3,2015
7,Cleveland Cavaliers,53-29,31-10,22-19,35-17,18-12,33-22,20-7,6-4,30-14,10-7,11-6,8-3,11-4,2015
8,Portland Trail Blazers,51-31,32-9,19-22,20-10,31-21,36-17,15-14,5-1,30-11,13-3,6-9,6-3,10-6,2015
9,Chicago Bulls,50-32,27-14,23-18,33-19,17-13,34-20,16-12,7-2,20-16,11-4,8-9,7-3,8-7,2015
10,Dallas Mavericks,50-32,27-14,23-18,21-9,29-23,36-19,14-13,5-4,22-18,10-5,9-7,7-5,6-7,2015
11,Toronto Raptors,49-33,27-14,22-19,33-19,16-14,36-17,13-16,6-5,29-11,11-4,9-7,4-7,7-8,2015
12,Washington Wizards,46-36,29-12,17-24,30-22,16-14,33-21,13-15,9-4,21-14,12-4,9-8,3-9,7-7,2015
13,New Orleans Pelicans,45-37,28-13,17-24,16-14,29-23,27-26,18-11,10-4,19-14,9-8,9-6,6-5,8-7,2015
14,Oklahoma City Thunder,45-37,29-12,16-25,20-10,25-27,28-25,17-12,4-8,26-14,11-5,7-7,9-3,10-5,2015
15,Milwaukee Bucks,41-41,23-18,18-23,30-22,11-19,30-23,11-18,5-9,17-16,7-8,8-6,7-5,4-11,2015
16,Boston Celtics,40-42,21-20,19-22,28-24,12-18,20-31,20-11,8-6,17-14,7-8,5-11,7-4,10-8,2015
17,Phoenix Suns,39-43,22-19,17-24,18-12,21-31,29-25,10-18,4-12,14-19,8-8,10-5,3-8,7-8,2015
18,Brooklyn Nets,38-44,19-22,19-22,24-28,14-16,21-31,17-13,10-2,15-23,9-7,3-12,6-5,9-7,2015
19,Indiana Pacers,38-44,23-18,15-26,28-24,10-20,21-33,17-11,4-12,19-20,5-11,5-11,7-2,8-8,2015
20,Utah Jazz,38-44,21-20,17-24,15-15,23-29,19-34,19-10,5-10,18-19,6-9,6-9,6-5,10-6,2015
21,Miami Heat,37-45,20-21,17-24,25-27,12-18,22-30,15-15,4-10,15-28,5-12,6-7,5-7,9-7,2015
22,Charlotte Hornets,33-49,19-22,14-27,25-27,8-22,22-30,11-19,6-8,13-22,6-9,10-4,3-6,8-9,2015
23,Detroit Pistons,32-50,18-23,14-27,23-29,9-21,21-33,11-17,7-6,19-25,5-9,10-7,5-6,6-9,2015
24,Denver Nuggets,30-52,19-22,11-30,11-19,19-33,20-33,10-19,4-4,17-28,5-11,6-10,1-9,8-8,2015
25,Sacramento Kings,29-53,18-23,11-30,11-19,18-34,18-34,11-19,6-4,12-28,4-11,4-10,3-7,6-11,2015
26,Orlando Magic,25-57,13-28,12-29,15-37,10-20,17-39,8-18,6-8,4-27,6-10,2-13,4-6,3-11,2015
27,Los Angeles Lakers,21-61,12-29,9-32,12-18,9-43,13-40,8-21,6-6,5-30,6-9,3-12,3-7,4-12,2015
28,Philadelphia 76ers,18-64,12-29,6-35,12-40,6-24,12-41,6-23,3-7,5-41,4-10,6-12,3-7,5-12,2015
29,New York Knicks,17-65,10-31,7-34,11-41,6-24,10-43,7-22,2-7,3-39,1-15,4-9,3-8,2-14,2015
30,Minnesota Timberwolves,16-66,9-32,7-34,9-21,7-45,11-42,5-24,6-6,4-40,1-14,3-14,5-6,3-13,2015
1,Golden State Warriors,73-9,39-2,34-7,27-3,46-6,48-4,25-5,7-2,44-5,11-2,14-2,9-1,15-2,2016
2,San Antonio Spurs,67-15,40-1,27-14,24-6,43-9,45-8,22-7,4-4,44-6,14-2,11-2,11-1,13-3,2016
3,Cleveland Cavaliers,57-25,33-8,24-17,35-17,22-8,38-14,19-11,4-7,32-8,8-5,13-3,8-5,11-5,2016
4,Toronto Raptors,56-26,32-9,24-17,39-13,17-13,35-17,21-9,6-6,28-10,9-6,12-2,7-4,11-5,2016
5,Oklahoma City Thunder,55-27,32-9,23-18,18-12,37-15,40-14,15-13,8-6,33-5,12-3,13-3,6-5,11-5,2016
6,Los Angeles Clippers,53-29,29-12,24-17,22-8,31-21,35-18,18-11,8-4,28-15,11-5,11-3,7-4,8-8,2016
7,Atlanta Hawks,48-34,27-14,21-20,29-23,19-11,31-24,17-10,5-7,29-17,9-5,6-9,6-5,12-4,2016
8,Boston Celtics,48-34,28-13,20-21,31-21,17-13,32-23,16-11,5-7,26-13,8-6,9-8,9-3,7-7,2016
9,Charlotte Hornets,48-34,30-11,18-23,33-19,15-15,27-26,21-8,6-5,25-17,7-7,6-11,7-3,13-3,2016
10,Miami Heat,48-34,28-13,20-21,31-21,17-13,29-24,19-10,7-5,24-20,8-7,9-8,6-5,10-5,2016
11,Indiana Pacers,45-37,26-15,19-22,30-22,15-15,28-25,17-12,9-9,21-13,7-9,7-8,6-7,8-7,2016
12,Detroit Pistons,44-38,26-15,18-23,29-23,15-15,27-27,17-11,6-5,21-20,9-6,7-8,6-6,9-6,2016
13,Portland Trail Blazers,44-38,28-13,16-25,15-15,29-23,27-27,17-11,2-7,23-21,7-10,9-5,9-2,8-8,2016
14,Dallas Mavericks,42-40,23-18,19-22,15-15,27-25,29-26,13-14,6-11,19-18,9-5,9-9,4-6,5-10,2016
15,Memphis Grizzlies,42-40,26-15,16-25,17-13,25-27,31-22,11-18,8-3,15-23,8-8,10-4,7-4,6-10,2016
16,Chicago Bulls,42-40,26-15,16-25,25-27,17-13,27-25,15-15,10-4,14-19,8-7,8-8,4-8,8-9,2016
17,Houston Rockets,41-41,23-18,18-23,13-17,28-24,27-28,14-13,5-8,14-18,9-7,9-7,4-6,8-8,2016
18,Washington Wizards,41-41,22-19,19-22,30-22,11-19,23-28,18-13,7-6,22-22,8-8,7-8,8-6,7-9,2016
19,Utah Jazz,40-42,24-17,16-25,16-14,24-28,26-26,14-16,6-8,23-13,6-9,7-8,7-6,9-7,2016
20,Orlando Magic,35-47,23-18,12-29,21-31,14-16,23-29,12-18,6-10,12-20,10-5,2-12,5-7,6-11,2016
21,Denver Nuggets,33-49,18-23,15-26,15-15,18-34,22-32,11-17,10-5,11-21,6-9,6-9,5-7,9-8,2016
22,Milwaukee Bucks,33-49,23-18,10-31,21-31,12-18,22-32,11-17,6-4,12-27,6-10,7-8,5-6,6-9,2016
23,Sacramento Kings,33-49,18-23,15-26,14-16,19-33,22-31,11-18,8-4,11-19,5-8,8-7,4-7,6-11,2016
24,New York Knicks,32-50,18-23,14-27,21-31,11-19,23-32,9-18,4-7,14-23,7-8,8-9,2-9,5-10,2016
25,New Orleans Pelicans,30-52,21-20,9-32,10-20,20-32,20-33,10-19,5-5,11-23,6-9,8-6,5-7,5-12,2016
26,Minnesota Timberwolves,29-53,14-27,15-26,11-19,18-34,17-37,12-16,7-7,9-23,4-12,2-14,5-6,6-9,2016
27,Phoenix Suns,23-59,14-27,9-32,6-24,17-35,14-40,9-19,4-5,10-32,4-14,2-12,1-9,5-11,2016
28,Brooklyn Nets,21-61,14-27,7-34,12-40,9-21,14-40,7-21,7-4,6-34,5-10,3-13,5-7,4-11,2016
29,Los Angeles Lakers,17-65,12-29,5-36,9-21,8-44,11-44,6-21,2-7,4-44,4-13,3-14,2-8,5-10,2016
30,Philadelphia 76ers,10-72,7-34,3-38,3-49,7-23,8-45,2-27,0-6,5-41,3-13,4-10,1-11,1-14,2016
1,Golden State Warriors,67-15,36-5,31-10,25-5,42-10,47-9,20-6,3-4,48-6,13-3,12-2,9-3,12-4,2017
2,San Antonio Spurs,61-21,31-10,30-11,25-5,36-16,43-13,18-8,8-5,30-8,12-2,10-5,8-2,13-4,2017
3,Houston Rockets,55-27,30-11,25-16,19-11,36-16,40-18,15-9,8-3,30-11,15-2,10-7,6-3,9-6,2017
4,Boston Celtics,53-29,30-11,23-18,36-16,17-13,37-20,16-9,7-6,17-11,10-6,10-4,8-4,11-5,2017
5,Cleveland Cavaliers,51-31,31-10,20-21,35-17,16-14,39-16,12-15,3-4,25-15,12-4,7-8,9-2,7-10,2017
6,Los Angeles Clippers,51-31,29-12,22-19,20-10,31-21,35-21,16-10,3-6,33-14,8-9,8-4,6-5,10-8,2017
7,Toronto Raptors,51-31,28-13,23-18,34-18,17-13,33-24,18-7,8-7,26-8,10-4,8-9,6-5,10-6,2017
8,Utah Jazz,51-31,29-12,22-19,20-10,31-21,35-22,16-9,4-4,23-10,10-5,9-6,7-4,10-6,2017
9,Washington Wizards,49-33,30-11,19-22,32-20,17-13,34-21,15-12,9-6,18-12,10-5,12-4,7-3,11-7,2017
10,Oklahoma City Thunder,47-35,28-13,19-22,18-12,29-23,32-25,15-10,12-7,23-21,9-5,7-8,7-4,8-7,2017
11,Atlanta Hawks,43-39,23-18,20-21,30-22,13-17,32-24,11-15,7-8,17-21,7-7,11-4,5-6,6-10,2017
12,Memphis Grizzlies,43-39,24-17,19-22,15-15,28-24,34-24,9-15,7-5,17-20,11-6,7-7,7-4,6-9,2017
13,Indiana Pacers,42-40,29-12,13-28,26-26,16-14,29-28,13-12,4-2,23-19,7-8,9-4,6-7,6-10,2017
14,Milwaukee Bucks,42-40,23-18,19-22,27-25,15-15,25-30,17-10,8-2,21-22,8-8,5-10,5-6,14-4,2017
15,Chicago Bulls,41-41,25-16,16-25,28-24,13-17,28-29,13-12,5-6,17-23,6-11,8-7,6-5,6-9,2017
16,Portland Trail Blazers,41-41,25-16,16-25,13-17,28-24,23-33,18-8,7-11,18-16,4-11,8-7,2-7,13-3,2017
17,Miami Heat,41-41,23-18,18-23,27-25,14-16,25-32,16-9,8-6,19-13,4-12,9-6,8-3,10-6,2017
18,Denver Nuggets,40-42,22-19,18-23,16-14,24-28,25-31,15-11,5-10,24-19,7-8,7-7,6-7,8-7,2017
19,Detroit Pistons,37-45,24-17,13-28,21-31,16-14,27-30,10-15,5-7,23-26,5-10,6-7,8-4,6-11,2017
20,Charlotte Hornets,36-46,22-19,14-27,22-30,14-16,24-32,12-14,0-9,19-18,9-7,4-11,3-8,9-7,2017
21,New Orleans Pelicans,34-48,21-20,13-28,14-16,20-32,23-34,11-14,7-6,17-22,7-9,5-9,4-7,10-6,2017
22,Dallas Mavericks,33-49,21-20,12-29,14-16,19-33,22-34,11-15,4-6,14-26,7-10,8-6,6-5,7-9,2017
23,Sacramento Kings,32-50,17-24,15-26,11-19,21-31,24-33,8-17,10-6,9-27,7-8,5-11,6-5,4-12,2017
24,Minnesota Timberwolves,31-51,20-21,11-30,13-17,18-34,22-35,9-16,7-10,18-19,6-9,8-7,5-7,6-8,2017
25,New York Knicks,31-51,19-22,12-29,22-30,9-21,23-34,8-17,7-10,10-25,7-8,5-12,3-7,5-11,2017
26,Orlando Magic,29-53,16-25,13-28,20-32,9-21,21-37,8-16,5-5,10-32,8-8,4-12,3-7,5-11,2017
27,Philadelphia 76ers,28-54,17-24,11-30,19-33,9-21,21-35,7-19,9-8,7-29,4-10,10-5,4-8,6-11,2017
28,Los Angeles Lakers,26-56,17-24,9-32,10-20,16-36,19-39,7-17,2-4,14-31,2-14,5-10,2-8,2-12,2017
29,Phoenix Suns,24-58,15-26,9-32,13-17,11-41,18-39,6-19,9-5,7-32,4-11,5-9,3-9,4-12,2017
30,Brooklyn Nets,20-62,13-28,7-34,11-41,9-21,9-47,11-15,3-6,9-30,3-12,1-15,0-10,7-10,2017
1,Houston Rockets,65-17,34-7,31-10,24-6,41-11,44-13,21-4,5-3,38-8,9-5,10-4,12-0,14-1,2018
2,Toronto Raptors,59-23,34-7,25-16,40-12,19-11,41-16,18-7,5-7,33-5,11-3,10-5,9-2,12-4,2018
3,Golden State Warriors,58-24,29-12,29-12,24-6,34-18,44-14,14-10,5-1,38-13,13-2,11-3,8-3,7-7,2018
4,Boston Celtics,55-27,27-14,28-13,33-19,22-8,40-19,15-8,11-8,25-9,11-6,7-5,7-4,9-4,2018
5,Philadelphia 76ers,52-30,30-11,22-19,34-18,18-12,30-25,22-5,4-7,31-11,5-10,7-5,8-3,13-3,2018
6,Cleveland Cavaliers,50-32,29-12,21-20,35-17,15-15,34-22,16-10,8-5,17-20,9-5,6-8,6-4,10-6,2018
7,Portland Trail Blazers,49-33,28-13,21-20,18-12,31-21,32-26,17-7,8-8,20-12,5-8,11-5,6-4,12-3,2018
8,Indiana Pacers,48-34,27-14,21-20,32-20,16-14,33-25,15-9,11-2,20-16,7-8,10-5,5-4,11-4,2018
9,New Orleans Pelicans,48-34,24-17,24-17,21-9,27-25,31-26,17-8,7-3,19-16,7-8,9-5,8-3,8-7,2018
10,Oklahoma City Thunder,48-34,27-14,21-20,20-10,28-24,33-26,15-8,8-10,24-11,12-5,10-4,6-6,8-6,2018
11,Utah Jazz,48-34,28-13,20-21,14-16,34-18,30-28,18-6,4-5,31-19,5-10,6-7,9-2,12-3,2018
12,Minnesota Timberwolves,47-35,30-11,17-24,13-17,34-18,36-25,11-10,7-7,25-12,10-5,9-8,6-4,6-7,2018
13,San Antonio Spurs,47-35,33-8,14-27,18-12,29-23,35-24,12-11,8-10,25-17,11-5,9-7,2-7,8-6,2018
14,Denver Nuggets,46-36,31-10,15-26,18-12,28-24,32-26,14-10,10-5,21-15,7-8,7-8,7-3,8-7,2018
15,Miami Heat,44-38,26-15,18-23,31-21,13-17,30-28,14-10,9-9,16-13,9-6,10-5,3-7,9-7,2018
16,Milwaukee Bucks,44-38,25-16,19-22,27-25,17-13,32-25,12-13,7-4,14-16,8-6,8-7,6-6,8-7,2018
17,Washington Wizards,43-39,23-18,20-21,28-24,15-15,33-24,10-15,5-7,22-12,10-6,7-6,8-4,6-8,2018
18,Los Angeles Clippers,42-40,22-19,20-21,18-12,24-28,30-26,12-14,8-2,22-19,8-7,9-6,7-3,9-7,2018
19,Detroit Pistons,39-43,25-16,14-27,24-28,15-15,28-29,11-14,4-7,19-23,6-9,3-11,6-6,7-8,2018
20,Charlotte Hornets,36-46,21-20,15-26,22-30,14-16,24-33,12-13,1-5,23-23,5-11,8-6,7-5,6-9,2018
21,Los Angeles Lakers,35-47,20-21,15-26,16-14,19-33,23-34,12-13,6-7,18-21,3-11,8-7,7-3,7-8,2018
22,New York Knicks,29-53,19-22,10-31,17-35,12-18,23-36,6-17,2-7,15-30,7-8,5-11,1-9,3-12,2018
23,Brooklyn Nets,28-54,15-26,13-28,19-33,9-21,19-40,9-14,5-7,9-27,5-10,6-10,1-9,5-9,2018
24,Chicago Bulls,27-55,17-24,10-31,21-31,6-24,20-37,7-18,9-5,6-30,10-6,5-10,2-8,5-10,2018
25,Sacramento Kings,27-55,14-27,13-28,13-17,14-38,18-39,9-16,6-5,5-32,6-9,4-10,2-9,6-10,2018
26,Orlando Magic,25-57,17-24,8-33,15-37,10-20,18-39,7-18,3-5,10-27,3-12,3-10,3-8,4-10,2018
27,Atlanta Hawks,24-58,16-25,8-33,12-40,12-18,18-41,6-17,6-8,8-35,6-9,5-10,4-7,2-12,2018
28,Dallas Mavericks,24-58,15-26,9-32,10-20,14-38,18-40,6-18,2-9,11-20,8-8,3-11,3-7,4-10,2018
29,Memphis Grizzlies,22-60,16-25,6-35,4-26,18-34,18-38,4-22,5-12,8-26,5-12,6-7,0-10,3-13,2018
30,Phoenix Suns,21-61,10-31,11-30,6-24,15-37,18-41,3-20,6-5,5-40,6-9,4-10,1-10,0-14,2018
1,Milwaukee Bucks,60-22,33-8,27-14,40-12,20-10,43-14,17-8,5-6,45-5,10-4,12-3,10-1,10-6,2019
2,Toronto Raptors,58-24,32-9,26-15,36-16,22-8,43-16,15-8,11-7,33-9,8-7,10-5,8-1,9-6,2019
3,Golden State Warriors,57-25,30-11,27-14,22-8,35-17,41-16,16-9,7-7,34-10,10-5,11-2,7-4,9-5,2019
4,Denver Nuggets,54-28,34-7,20-21,20-10,34-18,39-18,15-10,13-3,23-11,8-4,12-4,7-4,9-6,2019
5,Houston Rockets,53-29,31-10,22-19,21-9,32-20,33-24,20-5,5-7,29-12,11-4,8-6,8-4,12-3,2019
6,Portland Trail Blazers,53-29,32-9,21-20,24-6,29-23,34-23,19-6,4-6,29-8,8-7,11-4,6-3,10-5,2019
7,Philadelphia 76ers,51-31,31-10,20-21,31-21,20-10,37-21,14-10,10-8,22-16,7-6,11-4,6-4,9-5,2019
8,Utah Jazz,50-32,29-12,21-20,20-10,30-22,32-25,18-7,0-7,34-12,7-7,11-4,6-3,11-4,2019
9,Boston Celtics,49-33,28-13,21-20,35-17,14-16,37-21,12-12,5-6,24-12,9-5,11-4,5-6,8-7,2019
10,Oklahoma City Thunder,49-33,27-14,22-19,21-9,28-24,37-20,12-13,6-7,23-12,9-6,9-5,6-5,6-10,2019
11,Indiana Pacers,48-34,29-12,19-22,33-19,15-15,38-20,10-14,6-6,23-16,12-3,7-7,9-3,4-10,2019
12,Los Angeles Clippers,48-34,26-15,22-19,20-10,28-24,32-27,16-7,6-2,23-18,6-9,7-9,6-5,13-2,2019
13,San Antonio Spurs,48-34,32-9,16-25,18-12,30-22,33-26,15-8,7-4,25-16,11-5,10-5,3-7,10-4,2019
14,Brooklyn Nets,42-40,23-18,19-22,29-23,13-17,30-29,12-11,12-8,16-22,9-6,11-4,4-6,7-7,2019
15,Orlando Magic,42-40,25-16,17-24,30-22,12-18,27-32,15-8,5-6,21-21,5-8,5-11,8-3,9-5,2019
16,Detroit Pistons,41-41,26-15,15-26,27-25,14-16,26-30,15-11,6-9,16-21,4-11,6-10,7-3,10-6,2019
17,Charlotte Hornets,39-43,25-16,14-27,29-23,10-20,27-30,12-13,6-10,21-20,7-7,6-8,4-7,7-8,2019
18,Miami Heat,39-43,19-22,20-21,23-29,16-14,26-30,13-13,6-9,16-20,9-5,7-7,3-9,11-4,2019
19,Sacramento Kings,39-43,24-17,15-26,18-12,21-31,30-27,9-16,6-7,16-18,9-6,7-8,5-5,7-9,2019
20,Los Angeles Lakers,37-45,22-19,15-26,12-18,25-27,28-29,9-16,5-4,16-25,8-7,6-9,3-6,5-11,2019
21,Minnesota Timberwolves,36-46,25-16,11-30,14-16,22-30,27-30,9-16,8-5,19-22,6-9,8-6,4-7,5-9,2019
22,Dallas Mavericks,33-49,24-17,9-32,15-15,18-34,26-31,7-18,7-7,12-22,7-9,6-9,4-6,3-12,2019
23,Memphis Grizzlies,33-49,21-20,12-29,9-21,24-28,23-36,10-13,6-9,14-19,5-10,2-14,4-7,7-7,2019
24,New Orleans Pelicans,33-49,19-22,14-27,10-20,23-29,26-33,7-16,4-6,15-20,6-9,6-8,4-7,5-10,2019
25,Washington Wizards,32-50,22-19,10-31,19-33,13-17,24-34,8-16,5-6,14-23,6-9,8-6,3-7,7-10,2019
26,Atlanta Hawks,29-53,17-24,12-29,16-36,13-17,19-39,10-14,9-6,7-31,6-7,5-9,5-7,7-8,2019
27,Chicago Bulls,22-60,9-32,13-28,16-36,6-24,14-44,8-16,8-8,9-31,5-9,2-13,5-5,4-11,2019
28,Cleveland Cavaliers,19-63,13-28,6-35,15-37,4-26,12-46,7-17,5-4,6-43,4-12,3-12,4-6,4-11,2019
29,Phoenix Suns,19-63,12-29,7-34,8-22,11-41,11-48,8-15,5-5,5-40,5-11,2-13,1-8,5-10,2019
30,New York Knicks,17-65,9-32,8-33,11-41,6-24,11-47,6-18,4-7,6-41,2-12,1-12,3-9,1-13,2019
1,Milwaukee Bucks,56-17,30-5,26-12,37-7,19-10,46-8,10-9,3-2,38-8,13-2,11-2,10-1,2-4,2020
2,Toronto Raptors,53-19,26-10,27-9,34-11,19-8,40-15,13-4,6-4,23-10,9-7,12-3,7-3,4-1,2020
3,Los Angeles Lakers,52-19,25-10,27-9,16-9,36-10,41-12,11-7,7-3,25-11,9-5,10-4,9-2,4-1,2020
4,Los Angeles Clippers,49-23,27-9,22-14,17-7,32-16,37-18,12-5,8-3,32-8,10-5,9-4,7-4,4-1,2020
5,Boston Celtics,48-24,26-10,22-14,30-13,18-11,38-16,10-8,6-5,29-7,10-3,9-7,9-3,2-3,2020
6,Denver Nuggets,46-27,26-11,20-16,17-11,29-16,38-17,8-10,9-5,16-13,10-6,11-5,6-4,3-3,2020
7,Indiana Pacers,45-28,25-11,20-17,28-19,17-9,32-23,13-5,5-7,20-12,10-5,9-5,5-7,3-2,2020
8,Houston Rockets,44-28,24-12,20-16,16-9,28-19,34-20,10-8,4-5,22-14,10-5,7-7,9-2,1-4,2020
9,Miami Heat,44-29,29-7,15-22,30-13,14-16,35-19,9-10,6-4,23-11,11-4,8-6,6-7,3-2,2020
10,Oklahoma City Thunder,44-28,23-14,21-14,17-9,27-19,33-22,11-6,8-6,18-10,11-4,12-5,7-3,3-1,2020
11,Utah Jazz,44-28,23-12,21-16,20-7,24-21,36-18,8-10,7-5,18-11,9-5,11-4,5-6,4-1,2020
12,Dallas Mavericks,43-32,20-18,23-14,16-12,27-20,33-22,10-10,2-11,23-9,9-6,8-7,7-5,4-3,2020
13,Philadelphia 76ers,43-30,31-4,12-26,28-18,15-12,34-21,9-9,6-5,19-15,9-7,8-5,6-5,2-3,2020
14,Brooklyn Nets,35-37,20-16,15-21,23-23,12-14,25-28,10-9,7-7,17-19,6-7,5-10,5-7,4-1,2020
15,Portland Trail Blazers,35-39,21-15,14-24,15-12,20-27,25-31,10-8,9-3,17-18,6-8,8-7,4-8,3-2,2020
16,Memphis Grizzlies,34-39,20-17,14-22,14-13,20-26,28-26,6-13,3-4,18-21,8-8,11-4,5-6,3-2,2020
17,Phoenix Suns,34-39,17-22,17-17,15-12,19-27,22-33,12-6,4-8,15-18,5-10,7-8,4-9,2-2,2020
18,Orlando Magic,33-40,18-17,15-23,20-23,13-17,24-31,9-9,5-5,18-20,7-8,7-8,6-6,3-2,2020
19,San Antonio Spurs,32-39,19-15,13-24,12-16,20-23,23-31,9-8,10-7,10-12,7-5,7-8,4-7,2-3,2020
20,Sacramento Kings,31-41,16-19,15-22,8-18,23-23,21-33,10-8,6-8,12-18,4-12,6-8,7-4,3-2,2020
21,New Orleans Pelicans,30-42,15-21,15-21,12-12,18-30,23-32,7-10,2-6,18-15,5-10,9-6,6-4,2-3,2020
22,Washington Wizards,25-47,16-20,9-27,18-27,7-20,20-33,5-14,1-4,12-25,4-11,6-9,5-6,3-3,2020
23,Charlotte Hornets,23-42,10-21,13-21,16-24,7-18,18-36,5-6,9-8,5-25,5-10,3-9,5-6,2-4,2020
24,Chicago Bulls,22-43,14-20,8-23,15-28,7-15,19-36,3-7,6-6,7-19,7-7,6-11,1-8,2-3,2020
25,New York Knicks,21-45,11-22,10-23,15-28,6-17,17-38,4-7,7-6,8-21,5-9,4-12,5-6,3-3,2020
26,Atlanta Hawks,20-47,14-20,6-27,11-32,9-15,15-41,5-6,1-5,8-29,3-11,6-9,6-7,1-4,2020
27,Detroit Pistons,20-46,11-22,9-24,12-31,8-15,19-38,1-8,4-6,9-26,6-9,5-11,3-8,0-5,2020
28,Cleveland Cavaliers,19-46,11-25,8-21,12-32,7-14,14-40,5-6,5-5,6-28,5-9,3-13,4-7,2-3,2020
29,Minnesota Timberwolves,19-45,8-24,11-21,10-15,9-30,16-37,3-8,3-4,10-21,2-12,3-12,2-9,2-4,2020
30,Golden State Warriors,15-50,8-26,7-24,6-16,9-34,12-43,3-7,1-3,8-30,5-10,1-13,3-8,2-3,2020